player_name,player_position_id,rank_ecr,note,tag,recommendation,pos_rank,projected_points,salary
patrickmahomes,QB,1,"I don't have to waste my time telling you to start Mahomes. If he has a functioning throwing arm and two legs to move around the pocket, you play Mahomes. Chicago does offer a good spot for Mahomes to post a ceiling performance. The Bears have allowed the second-highest yards per attempt, the highest passer rating, and the tenth-highest CPOE on deep balls. Week 3 Positional Value: Top-five QB weekly",,,QB1,24.9,8300.0
joshallen,QB,3,"Allen bounced back from a dreadful Week 1 performance with a masterful Week 2. He was seventh in passing grade, second in adjusted completion rate, and second in passer rating. Allen will uncork some deep balls against this secondary in Week 3. Washington has been dreadful so far, allowing the tenth-highest yards per attempt, the 12th-highest quarterback rating, and the ninth-highest adjusted completion rate. Allen should have plenty of time in the pocket against a pass rush that ranks 15th in pressure rate and 18th in blitz rate. This will allow Allen to chuck dimes against a secondary that's also permitted the highest yards per attempt, the fifth-highest passer rating, and the ninth-highest adjusted completion rate on throws of 20-plus yards. Week 3 Positional Value: Top-three QB",,,QB3,22.1,8100.0
lamarjackson,QB,4,"Jackson might be the QB21 in fantasy, but he's not playing like a scrub by any means. Jackson is eighth in passing grade, ninth in yards per attempt, and sixth in big-time throw rate. Jackson is headed for a ceiling week against Indy's zone defense (82-83% zone for their starting corners). This season against zone, Jackson has the eighth-highest yards per attempt and sixth-highest passer rating. Indy's young secondary has struggled to open the season. They have allowed the fifth-highest yards per attempt, third-most passing touchdowns (tied), and the seventh-highest passer rating. Week 3 Positional Value: Top-five QB",,,QB4,21.1,7700.0
justinherbert,QB,5,"Herbert is playing good football as the QB3 in fantasy. He is 16th in passing grade and tenth in passer rating. He should thrive against Minnesota's zone coverage (86-90%!!! of their corner back's snaps). Minnesota has allowed the 14th-highest yards per attempt, tenth-highest passer rating, and the 12th-highest adjusted completion rate. Herbert has ripped zone in half this season, ranking second in yards per attempt, third in passer rating, and 12th in fantasy points per dropback. Week 3 Positional Value: top-five QB",,,QB5,20.6,7500.0
kirkcousins,QB,6,"The van driving Kohls wearing dad of the year is the QB1 in fantasy. Yes, you read that correctly. Cousins is at the top of the hill. He has been outstanding, running seventh in passing grade, third in yards per attempt, and eighth in adjusted completion rate. The Chargers pass defense has been paper thin, giving up the highest yards per attempt, the third-highest passer rating, and the eighth-highest adjusted completion rate. Los Angeles has defended the ninth-most dropbacks (tied) in man coverage. Cousins has been otherworldly against man this season, ranking first in yards per attempt, first in passer rating, and 13th in adjusted completion rate. Week 3 Positional Value: Top-eight QB",start,,QB6,20.1,6900.0
tuatagovailoa,QB,7,"Tagovailoa has been balling out. He's the QB6 in fantasy, ranking first in passing grade, first in yards per attempt, and second in big-time throw rate. He should shred a Denver pass defense that's allowed the seventh-highest yards per attempt and fourth-highest passer rating. Denver has allowed the 13th-most fantasy points per game despite facing the 14th-fewest passing attempts. Tagovailoa should have plenty of time in the pocket. Denver has the 11th-highest blitz rate but has generated the second-lowest pressure rate. Tagovailoa has destroyed the blitz this season with the highest passing grade and 11th-best yards per attempt. Week 3 Positional Value: Top shelf QB1",,,QB7,19.5,7000.0
trevorlawrence,QB,8,"Lawrence has been up and down so far, but his highs have been electric. He's 20th in adjusted completion rate, ranking second in passing grade and first in big-time throw rate. Lawrence is primed for a monster day against Houston's pass defense. They have given up the ninth-highest yards per attempt, the 11th-highest passer rating, and the second-highest adjusted completion rate. Look for Lawrence to chuck it deep constantly against a secondary, permitting the second-highest adjusted completion rate and third-highest passer rating to deep throws. Week 3 Positional Value: high-end QB1",start,,QB8,18.8,6800.0
justinfields,QB,9,"It hasn't been pretty. Fields is struggling. I could go on a long rant about Luke Getsy's play calling, the offensive play designs, the blocking assignments and protections, the abysmal offensive line play, etc., but I won't. None of those things will help you decide to risk it or shy away this week with Fields in Fantasy. Fields addressed the media this week, and to quickly paraphrase, he said he will play more like himself, which I interpret as he will grip it, rip it, and run more this week. I'm here for all of that. His numbers are rough but must be mentioned here. Fields has the fifth-lowest passing grade, tenth-lowest yards per attempt, and ninth-lowest adjusted completion rate. The Chiefs are a nasty defense against quarterbacks, allowing the seventh-lowest yards per attempt, eighth-lowest passer rating, and the sixth-fewest fantasy points per game. Outside of producing fantasy points with his legs, Fields can create chunk plays with the deep ball this week against a secondary that was susceptible to it last season. Last year, Kansas City allowed the sixth-highest passer rating and seventh-most (tied) deep passing touchdowns. This is the one area Fields has been able to rise above this season. Among 30 quarterbacks with at least four deep attempts, Fields ranks second in deep passing grade and first in deep adjusted completion rate. Week 3 Positional Value: QB1",start,,QB9,18.3,7100.0
dakprescott,QB,10,"Prescott has been game-managing. He's 15th in passing grade with the ninth-lowest yards per attempt, fourth-lowest aDOT, and the seventh-highest adjusted completion rate. This could be the week Mike McCarthy lets him rip it. Arizona has allowed the sixth-highest yards per attempt, the 11th-highest adjusted completion rate, and the third-most fantasy points to quarterbacks. Week 3 Positional Value: QB2 with QB1 upside",sit,,QB10,17.9,6600.0
deshaunwatson,QB,11,"I warned everyone this offseason that 2022 Watson could be quite similar this season. The former magic he possessed on an NFL field looks to be gone. Watson has the 12th-lowest passing grade, third-lowest yards per attempt, and second-lowest adjusted completion rate. He is 19th in fantasy points per dropback. That said, this is the matchup for Watson to turn his fortunes around. If it can happen in 2023, it should start in Week 3 against a burnable Titans' pass defense. Tennessee has permitted the fourth-highest yards per attempt, eighth-highest passer rating, and the 12th-most fantasy points per game to opposing quarterbacks. Week 3 Positional Value: QB2 with QB1 upside this week",,,QB11,17.6,6100.0
jaredgoff,QB,12,"Goff has been playing outstanding football. He's fifth in passing grade, third in yards per attempt, and second in adjusted completion rate. Goff is also tenth in fantasy points per dropback. He started balling out down the stretch last season and has continued to play well into the 2023 season. After demolishing rookie Bryce Young in Week 1, the Falcons faced Jordan Love last week. Against Love, they finished the week with the fifth-lowest passer rating, fifth-lowest yards per attempt, and third-lowest adjusted completion rate allowed. Atlanta's pass defense looks legit, also ranking eighth-best in pressure rate. Goff should have plenty of time to find open receivers, as his offensive line has allowed him to face the seventh-lowest pressure rate. Goff should post a solid stat line here but don't expect a ceiling performance. Week 3 Positional Value: low-end QB1/high-end QB2",start,,QB12,17.3,6500.0
genosmith,QB,13,"After a rough outing in Week 1, Chef Geno rebounded with a QB8 outing in Week 2. Smith looks like the player who stole our hearts in 2022. He's 12th in passing grade, first in adjusted completion rate, and seventh in passer rating. As good as those numbers are, this is a week to consider sitting him, depending on your options. Carolina has been tough against quarterbacks, holding them to the fifth-fewest fantasy points per game. The Panthers' secondary has also held passers to the 13th-lowest yards per attempt, the tenth-lowest passer rating, and the 12th-lowest CPOE on deep passes. Week 3 Positional Value: QB2",sit,,QB13,17.1,5700.0
russellwilson,QB,15,"Wilson looks like he might be back and ready to cook. He's 11th in yards per attempt, eighth in big-time throw rate, and tenth in adjusted completion rate. Wilson is the QB5 in fantasy. Let that sink in. Wilson is a top-five quarterback in fantasy right now. We'll see if Wilson can keep the train rolling against a middle-of-the-road Dolphins' pass defense. Miami is 15th in passer rating and 16th in adjusted completion rate allowed. The Dolphins have been getting after the passer, though. Wilson should have plenty of time in the pocket against a Miami pass rush that's logged the seventh-lowest pressure rate. This is despite their front blitzing at the tenth-highest rate. Wilson has been solid against the blitz this season, ranking 13th in passing grade, tenth in yards per attempt, and fourth in adjusted completion rate. Week 3 Positional Value: Borderline QB1",start,,QB15,16.4,5900.0
jordanlove,QB,19,"The perception of Love's quarterbacking has been puffed up by an unsustainable touchdown run out. Love is tied for first in passing touchdowns (six) despite ranking 28th in passing attempts. This will come back to earth, and it probably starts this week. Love's efficiency metrics are ghastly. He's 26th in passing grade with the tenth-lowest big-time throw rate and the lowest adjusted completion rate in the NFL (minimum 20 dropbacks). New Orleans is a defense to be reckoned with. They have held passers to the fourth-lowest yards per attempt, second-lowest passer rating, and third-lowest adjusted completion rate. Quarterbacks average only eight fantasy points per game against New Orleans (fourth-lowest). Week 3 Positional Value: Worrisome QB2",sit,,QB19,15.2,5600.0
derekcarr,QB,21,"Carr's play has been a rollercoaster through two weeks as he settles in. Carr is fifth in yards per attempt and fourth in big-time throw rate, but he's also 20th in passing grade and 30th in adjusted completion rate as he tries to get on the same page with his receivers. Green Bay hasn't been a pushover pass defense, ranking 18th in yards per attempt while holding passers to the seventh-lowest passer rating, but they can be beat deep. The Packers have allowed the second-highest passer rating and third-highest adjusted completion rating to deep passes. This matches up perfectly with their struggles to defend the deep ball in 2022. Last season, Green Bay gave up the tenth-highest passer rating and fourth-highest adjusted completion rate to deep passes. Carr has been hyper-aggressive, letting it rip downfield. He leads all quarterbacks in deep ball rate and deep pass attempts. Week 3 Positional Value: QB2 with QB1 upside if he connects on the deep balls",,,QB21,14.9,5500.0
samhowell,QB,23,"Howell has played well this season. While he's 21st in passing grade, all of his other metrics are promising. He's 12th-best in yards per attempt, fourth-best in adjusted completion rate, and he has the 13th-highest fantasy points per dropback. The Bills' pass defense has been a mixed bag, with the fifth-lowest passer rating allowed but also the 11th-highest yards per attempt and fourth-highest adjusted completion rate given up. Their pass rush has been quite good, ranking 12th in pressure rate despite blitzing at the league's lowest rate. Howell has played fairly well against pressure, ranking tenth in yards per attempt, third in adjusted completion rate, and 18th in aDOT. The slow pace of this game could limit scoring drives, but this game has sneaky shootout possibilities. Week 3 Positional Value: mid-QB2 with QB1 upside",,,QB23,14.6,5400.0
c.j.stroud,QB,24,"Stroud is learning on the job, which shows in his numbers. He's 25th in passing grade, 23rd in adjusted completion rate, and 16th in yards per attempt. Stroud could have a sneaky good day in Week 3. The Jaguars are 16th in yards per attempt, allowing the 13th-lowest passer rating and the seventh-lowest adjusted completion rate. These numbers look scary, but we also have to remind ourselves that they faced Anthony Richardson in his first career start and a ""struggling"" Patrick Mahomes, who has yet to get on the same page with his receivers. This is the same pass defense that last year allowed the fourth-most passing touchdowns and ranked 15th in adjusted completion rate. Last season, Jacksonville also struggled against the deep ball, giving up the second-highest passer rating and fourth-most deep passing touchdowns. What could throw a wrench in that is if Jacksonville's pass rush can get home. They are sixth in pressure rate. Stroud hasn't been good against pressure, with the 18th-lowest adjusted completion rate and second-lowest passing grade against pressure. Week 3 Positional Value: QB2",sit,,QB24,14.3,5300.0
desmondridder,QB,26,"Ridder has been a replacement-level quarterback so far. With two games under his belt, he has the second-worst passing grade, highest turnover-worthy play rate, and seventh-lowest aDOT. He also has the fourth-lowest deep passing grade and tenth-lowest deep passer rating. His ten rushing attempts (39 rushing yards) last week and rushing score saved his fantasy day. In his six NFL starts, that is only his second game with more than ten rushing yards, so I wouldn't count on the rushing production as a consistent weekly aid. Detroit is 11th in passer rating, 14th in yards per attempt, and has allowed the sixth-highest adjusted completion rate. Their pass defense is still finding its way, but their pass rush is in midseason form, ranking fifth in pressure rate. Ridder has crumbled under pressure with the sixth-lowest adjusted completion rate and fifth-lowest yards per attempt. Week 3 Positional Value: Low-end QB2",,,QB26,13.9,5000.0
macjones,QB,27,"Jones turned back into a pumpkin. Through two games, he ranks 14th in passing grade, 18th in adjusted completion rate, and has the fourth-lowest yards per attempt. Among 33 qualifying quarterbacks, he is 25th in fantasy points per dropback. Jones has averaged 220 passing yards with 7.0 yards per attempt in his last two meetings against the Jets with QB21 and QB23 weekly finishes. The Jets have allowed the ninth-lowest yards per attempt and the 14th-fewest fantasy points to quarterbacks. Week 3 Positional Value: low-end QB2",,,QB27,13.6,5300.0
ryantannehill,QB,28,"Will the real Ryan Tannehill please stand up? After a rough Week 1, he rebounded dramatically last week. Tannehill was first in passing grade, first in yards per attempt, and first in adjusted completion rate as the QB15 in fantasy. We'll see if Tannehill can stack back-to-back fantastic games against a Browns' defense that looks legit. Cleveland has allowed the second-lowest yards per attempt, third-lowest passer rating, and the lowest adjusted completion rate. The Browns also have the eighth-best pressure rate. Tannehill won't have much time in the pocket in Week 3. Week 3 Positional Value: low-end QB2",,,QB28,13.3,5000.0
gardnerminshew,QB,29,,,,QB29,13.1,5100.0
joshuadobbs,QB,30,"Dobbs doesn't have a chance this week against the Cowboys. Sit Dobbs even in Superflex formats. Dallas is a defensive juggernaut. They have the highest pressure rate in the NFL. Their pass defense has allowed the third-lowest yards per attempt, the lowest passer rating, and the fourth-lowest adjusted completion rate. Week 3 Positional Value: Must sit in all formats",,,QB30,12.8,5100.0
zachwilson,QB,31,"Wilson has been playing like...Zach Wilson. He's fourth-lowest in passing grade, tenth-lowest in yards per attempt, and has the eighth-lowest fantasy points per dropback. In his last two starts against New England, he has completed 46.0% of his passes with 6.8 yards per attempt. The Patriots' defense hasn't looked imposing, ranking 14th in yards per attempt, 16th in passer rating, and sixth-lowest in pressure rate. This is after facing Jalen Hurts and Tua Tagovailoa, though take it with a grain of salt. Wilson isn't close to being in the same area code as those other two quarterbacks. Week 3 Positional Value: Basement-level QB2",,,QB31,12.6,4900.0
andydalton,QB,32,,,,QB32,12.1,4900.0
claytontune,QB,34,,,,QB34,0.5,4500.0
jacobybrissett,QB,35,,,,QB35,0.5,4700.0
taylorheinicke,QB,36,,,,QB36,0.5,4700.0
tonypollard,RB,2,,,,RB2,19.9,8000.0
bijanrobinson,RB,3,,,,RB3,18.3,7800.0
travisetiennejr.,RB,4,,,,RB4,16.6,6900.0
derrickhenry,RB,7,,,,RB7,16.2,7400.0
kennethwalker,RB,8,,,,RB8,16.2,6200.0
jahmyrgibbs,RB,10,,,,RB10,15.0,6600.0
rhamondrestevenson,RB,11,,,,RB11,14.2,6700.0
raheemmostert,RB,12,,,,RB12,13.9,6000.0
jamescook,RB,13,,,,RB13,13.8,6400.0
milessanders,RB,15,,,,RB15,13.5,5700.0
joshuakelley,RB,16,,,,RB16,13.4,5400.0
alexandermattison,RB,17,,,,RB17,13.3,5800.0
brianrobinsonjr.,RB,19,,,,RB19,12.8,5800.0
jamesconner,RB,20,,,,RB20,12.6,6300.0
zackmoss,RB,22,,,,RB22,12.5,5500.0
isiahpacheco,RB,23,,,,RB23,12.5,5400.0
javontewilliams,RB,24,,,,RB24,12.4,5500.0
jeromeford,RB,25,,,,RB25,12.0,4800.0
breecehall,RB,26,,,,RB26,11.5,5600.0
dameonpierce,RB,27,,,,RB27,11.5,5200.0
aaronjones,RB,28,,,,RB28,11.3,6800.0
gusedwards,RB,29,,,,RB29,10.9,5300.0
tylerallgeier,RB,30,,,,RB30,10.9,5100.0
ajdillon,RB,32,,,,RB32,9.9,5700.0
khalilherbert,RB,33,,,,RB33,9.4,5100.0
craigreynolds,RB,35,,,,RB35,8.2,4400.0
roschonjohnson,RB,36,,,,RB36,8.6,4700.0
samajeperine,RB,37,,,,RB37,8.0,4900.0
dalvincook,RB,38,,,,RB38,8.0,5600.0
tonyjonesjr.,RB,39,,,,RB39,7.9,4500.0
jerickmckinnon,RB,40,,,,RB40,7.8,4500.0
kendremiller,RB,41,,,,RB41,7.3,4300.0
antoniogibson,RB,42,,,,RB42,6.9,4700.0
chubahubbard,RB,43,,,,RB43,6.8,5100.0
tyjaespears,RB,44,,,,RB44,6.4,4400.0
ezekielelliott,RB,45,,,,RB45,6.3,5200.0
zachcharbonnet,RB,47,,,,RB47,5.7,4500.0
tankbigsby,RB,49,,,,RB49,5.5,4700.0
lataviusmurray,RB,50,,,,RB50,5.4,4500.0
devinsingletary,RB,51,,,,RB51,5.1,4500.0
damienharris,RB,52,,,,RB52,5.1,4800.0
clydeedwards-helaire,RB,53,,,,RB53,5.0,4100.0
de'vonachane,RB,54,,,,RB54,5.0,5000.0
tychandler,RB,56,,,,RB56,4.7,4300.0
michaelcarter,RB,57,,,,RB57,4.6,4400.0
ricodowdle,RB,58,,,,RB58,4.4,4500.0
deucevaughn,RB,59,,,,RB59,4.3,4400.0
deonjackson,RB,60,,,,RB60,3.9,4500.0
melvingordon,RB,64,,,,RB64,3.6,4400.0
pierrestrongjr.,RB,65,,,,RB65,3.5,4500.0
elijahdotson,RB,66,,,,RB66,3.2,4500.0
deejaydallas,RB,67,,,,RB67,3.2,4000.0
keaontayingram,RB,71,,,,RB71,2.6,4200.0
kareemhunt,RB,72,,,,RB72,2.6,4600.0
zonovanknight,RB,73,,,,RB73,2.6,4000.0
jaleelmclaughlin,RB,75,,,,RB75,2.4,4000.0
d'ernestjohnson,RB,76,,,,RB76,2.3,4700.0
salvonahmed,RB,77,,,,RB77,2.3,4800.0
isaiahspiller,RB,79,,,,RB79,2.1,4000.0
emanuelwilson,RB,80,,,,RB80,2.0,4000.0
adamprentice,RB,84,,,,RB84,1.8,4000.0
tymontgomery,RB,85,,,,RB85,1.8,3300.0
alecingold,RB,86,,,,RB86,1.8,4000.0
emaridemercado,RB,89,,,,RB89,1.4,4000.0
dareogunbowale,RB,90,,,,RB90,1.3,4000.0
chrisrodriguezjr.,RB,91,,,,RB91,1.2,4000.0
davidmontgomery,RB,92,,,,RB92,1.4,5900.0
mylesgaskin,RB,93,,,,RB93,1.1,4400.0
c.j.ham,RB,94,,,,RB94,1.1,4000.0
raheemblackshear,RB,96,,,,RB96,1.0,4000.0
reggiegilliam,RB,98,,,,RB98,0.8,4000.0
patrickricard,RB,99,,,,RB99,0.8,4000.0
cordarrellepatterson,RB,100,,,,RB100,0.8,4500.0
d'ontaforeman,RB,103,,,,RB103,0.8,4600.0
jakefunk,RB,104,,,,RB104,0.7,4000.0
michaelburton,RB,105,,,,RB105,0.7,4000.0
denericprince,RB,106,,,,RB106,0.7,4000.0
dewaynemcbride,RB,107,,,,RB107,0.7,4000.0
mikeboone,RB,109,,,,RB109,0.6,4000.0
juliuschestnut,RB,110,,,,RB110,0.6,4000.0
malikdavis,RB,113,,,,RB113,0.5,4000.0
travishomer,RB,114,,,,RB114,0.5,4000.0
chrisbrooks,RB,115,,,,RB115,0.4,4000.0
khariblasingame,RB,116,,,,RB116,0.4,4000.0
jamycalhasty,RB,117,,,,RB117,0.3,4000.0
keithsmith,RB,118,,,,RB118,0.3,4000.0
hunterluepke,RB,119,,,,RB119,0.3,4000.0
hassanhall,RB,120,,,,RB120,0.3,4000.0
israelabanikanda,RB,121,,,,RB121,0.3,4000.0
tarikcohen,RB,122,,,,RB122,0.0,4000.0
godwinigwebuike,RB,123,,,,RB123,0.0,4000.0
nickbawden,RB,124,,,,RB124,0.0,4000.0
justinjefferson,WR,1,"You are starting Jefferson weekly. The matchup doesn't matter. The opposing defense doesn't matter. Jefferson is unguardable. Plain and simple. He's eighth in Target share, 11th in air-yard share, and fifth in YPRR among wideouts as the WR4 in fantasy. He'll run about 76% of his routes against Asante Samuel (85.7% catch rate and 118.8 passer rating) and J.C. Jackson (46.2% catch rate and 72.0 passer rating). Week 3 Positional Value: WR1 overall",,,WR1,22.4,9300.0
tyreekhill,WR,2,"Week 3 is another week for Hill as the primary weapon against man coverage. Denver has the sixth-most (tied) dropbacks defended in man coverage this season. Against man coverage, Hill has a 32% Target share, 39% TPRR, and 4.1 YPRR. These numbers are astronomical. Insane. Hill will run about 62% of his routes against Pat Surtain (57.1% catch rate and 69.3 passer rating) and Damarri Mathis (88.2% catch rate and 149.9 passer rating). Smash Hill. Smash. Week 3 Positional Value: Top-three WR",,,WR2,21.4,9000.0
ceedeelamb,WR,3,"Lamb leads the team with a 27% Target share and a 36.5% air-yard share as the WR12 in fantasy. Arizona has utilized zone coverage on 61% of their corner's snaps. Lamb last season ranked 14th in receiving grade and seventh in YPRR against zone. Against zone coverage, Lamb leads the team with a 34.2% Target share, and he's second behind only Brandin Cooks (36.4%) in first-read share (34.8%). Lamb will run about 75% of his routes against Jalen Thompson (2022: 68.1% catch rate and 103.2 passer rating in slot coverage). Week 3 Positional Value: Elite WR1",,,WR3,18.7,7700.0
stefondiggs,WR,4,"Diggs is the WR10 in fantasy with a 25.6% Target share (17th-best), a 36.4% air-yard share, and 2.10 YPRR (28th). He has the sixth-highest first-read share among wideouts. Sixth. Best. This is a Diggs domination game in the making. He led the Bills in deep targets last year (35), so if Allen is going deep, look for Diggs to be a part of the equation. Diggs will run about 58% of his routes against Kendall Fuller (57.1% catch rate and 65.8 passer rating) and Emmanuel Forbes (66.7% catch rate and 70.1 passer rating). Week 3 Positional Value: Top-three WR",,,WR4,18.4,8100.0
amon-rast.brown,WR,7,"Â St. Brown didn't practice on Wednesday, but he logged a limited session on Thursday and a full practice on Friday. He's been listed as questionable. I expect him to play right now and handle his usual complement of snaps. An in-game setback is possible, so tread cautiously, but in most formats, if you have him, you're probably forced to start him. St. Brown has a 22.9% Target share while ranking 21st in TPRR and tenth in YPRR among wide receivers. He will run about 50% of his routes against Dee Alford (85.7% catch rate and 138.4 passer rating). Week 3 Positional Value: WR1",,,WR7,17.4,7900.0
keenanallen,WR,8,"I was told in the offseason that Allen was too old and injury-prone to be a WR1 in 2023. After two games, he is the WR6 in fantasy, commanding a 25.7% Target share, a 31.5% air-yard share, and a 29.4% first-read share. Allen is 12th in receiving grade and 17th in YPRR. Against zone coverage, the Chargers have been a two-headed attack with Allen and Mike Williams leading the way, so expect Allen to GET FED here. Allen will run about 60% of his routes against Harrison Smith, who allowed a 76.4% catch rate and 129.0 in slot coverage last season. Week 3 Positional Value: Top-five WR",,,WR8,17.2,7600.0
calvinridley,WR,10,"Ridley has a 24.3% Target share and a 37.5% air-yard share with 2.05 YPRR. He is second on the team with a 25.9% first-read Target share. Some of that is skewed after last week's game when Christian Kirk had 31.3% of his targets on designed plays. Ridley has also been the Jaguars zone coverage go-to leading the team by a substantial margin in Target share, TPRR, and first-read share. Ridley is tied with Zay Jones for the team lead in red zone targets. They are the only receiving options that Lawrence has looked at inside the 20 this season. Ridley will be peppered this week as he runs about 84% of his routes against Steven Nelson (66.7% catch rate and 40.3 passer rating) and Shaquill Griffin (2022: 68.8% catch rate and 125.0 passer rating. Week 3 Positional Value: WR1",,,WR10,16.4,7200.0
chrisolave,WR,13,"Olave leads the team with a 30% Target share and 41.2% air-yard share as the WR15 in fantasy. Olave is fifth in receiving grade and tenth in YPRR among receivers. He should lead the way in attacking the Packers deep this week. He leads the team with six deep targets. His prowess on go routes will also factor in heavily this week. Last season, Olave had a 34.8% Target share (20th), 39% TPRR (30th), and the 17th-highest YPRR on go routes (among 82 qualifying wide receivers). This matters a ton because the Packers have struggled against go routes in each of the last two seasons. Last year, Green Bay allowed the second-highest yards per attempt, third-highest adjusted completion rate, and the second-most passing touchdowns to go routes (per Fantasy Points Data). Olave has been running almost half of his routes from the slot, so he'll get plenty of reps against Keisean Nixon (88.9% catch rate and 135.6 passer rating) this week. Olave leads the team with a 31.1% first-read share (Thomas 26.7%, Shaheed 15.6%). The Packers have utilized zone coverage on 79-83% of their corner's snaps. Olave leads the team in nearly every category against zone. Week 3 Positional Value: WR1",,,WR13,15.7,7000.0
mikewilliams,WR,15,"Williams has been the 1B in this offense with a 24.3% Target share, a 32.1% air yard share, and a 29.4% first-read share. He has been Allen's running mate against zone coverage, with nearly identical numbers across the board. He got out the gate in Week 1 slowly, so he's lagging behind Allen, ranking 33rd in receiving grade and 30th in yards per route run. When Herbert isn't zeroing in on Allen, he'll feed Williams targets. Williams will run about 63% of his routes against Byron Murphy (87.5% catch rate and 90.6 passer rating) and Akayleb Evans (54.5% catch rate and 106.3 passer rating). Week 3 Positional Value: low-end WR1/high-end WR2",,,WR15,14.9,6000.0
dkmetcalf,WR,16,"Metcalf has a 16.4% Target share and a 36.0% air-yard share. Among 60 qualifying wide receivers, he ranks 21st in receiving grade and 26th in YPRR. Metcalf will take a step back this week against the Panther's zone-heavy defense. This season, the divide versus zone has widened even farther between Lockett and Metcalf. Metcalf only has a 14% Target share and an 18.5% first-read share. Metcalf is a threat for a big play or touchdown in any week (second on the team in red zone targets), so there's only so far you can drop him in the rankings. Metcalf will run about 77% of his routes against Jackson and Henderson. Metcalf is banged up with a rib issue. He didn't practice on Wednesday or Thursday and has been listed as questionable. Week 3 Positional Value: Low-end WR2/WR3",,,WR16,14.8,6900.0
tylerlockett,WR,19,"Lockett leads the team with a 20.9% Target share and a 41.1% air yard share. He remains the team's preferred weapon against zone coverage (CAR 58-70% zone with their corners), with a 20% Target share and a team-leading 22.2% first-read share. Lockett leads the team with four red zone targets. Lockett will run about 68% of his routes against Donte Jackson (54.5% catch rate and 84.7 passer rating) and C.J. Henderson (85.7% catch rate and 118.8 passer rating). Chef Geno will lean on Lockett this week, especially with D.K. Metcalf banged up. Week 3 Positional Value: WR2",,,WR19,14.5,6400.0
michaelpittmanjr.,WR,20,"Pittman has been a target hog. He has a 30.6% Target share, a 36.3% air yard share, and a whopping 39.6% first-read share. Among 60 qualifying receivers, he's 26th in YPRR. He is second on the team (Downs, three) with two red zone targets. He'll run about 75% of his routes against Brandon Stephens (57.1% catch rate and 71.7 passer rating) and Ronald Darby (50% catch rate and 99.0 passer rating). Week 3 Positional Value: WR2/3",start,,WR20,14.4,6200.0
amaricooper,WR,22,"Cooper came into this week nursing an injury, but you could never tell that based on his play in Week 2. He had a 79% route run per team dropback rate, drawing a 22.5% Target share and a 32.3% air yard share (2.31 YPRR). Cooper is the clear first read for Watson, with a 30.6% first-read share. Assuming his health holds up heading into Week 3, Cooper is poised for another strong outing against a pass funnel defense. Cooper will run about 68% of his routes against Sean Murphy-Bunting (66.7% catch rate and 129.4 passer rating) and Kristian Fulton (75% catch rate and 116.7 passer rating). Week 3 Positional Value: WR2",start,,WR22,14.0,5700.0
nicocollins,WR,24,"Collins has been crushing it this season. He's the WR6 with the fourth-most air yards in the NFL. He has a 22.0% Target share and a 40.7% air yard share. He is eighth in YPRR, immediately behind #PukaJuice. Collins will lead the way again this week against the Jaguars' zone coverage. He leads the team in Target share, TPRR, YPRR, and first-read share against zone. Collins will run about 80% of his routes against Tyson Campbell (77.8% catch rate and 94.7 passer rating) and Darious Williams (72.7% catch rate and 102.8 passer rating). Week 3 Positional Value: WR2",start,,WR24,13.4,5300.0
garrettwilson,WR,25,"Wilson has had an amazing run out the last two weeks, with a touchdown-saving his day in Week 1 and a long touchdown in Week 2 doing the same. He has a 24.5% Target share and a 48.5% air yard share, which is amazing until you realize it's amounted to only six targets and 58.5 receiving yards per game. He can't sustain this type of output as the WR23 all season with Zach Wilson under center. Wilson will run about 80% of his routes against Christian Gonzalez (66.7% catch rate and 58.5 passer rating) and some combination of Shaun Wade and Marcus Jones (combined have allowed a 66.7% catch rate and 40 receiving yards total). Week 3 Positional Value: WR4",,,WR25,13.4,6800.0
zayflowers,WR,26,"Flowers has a 27.3% Target share and a 21.8% air yard share. Among 60 qualifying wide receivers, he's ranked 16th in receiving grade and YPRR. In Week 1, he drew a ridiculous 45.5% Target share and 60% first read share. Yes, a large portion of that first-read share was related to screens. In Week 2, his usage came crashing back to earth with a 15.2% Target share and a 19.2% first-read share. That first-read share was still good for second-best on the team, though. Against zone coverage (excluding designed or screen targets), Flowers leads the team in YPRR, but he falls down the pecking order in TPRR and first-read share. Flowers will run about 62% of his routes against Dallis Flowers (50% catch rate and 100.0 passer rating) and Darrell Baker Jr. (61.5% catch rate and 125.8 passer rating). Week 3 Positional Value: WR3",,,WR26,13.3,5400.0
jaylenwaddle,WR,27,"We remain in a holding pattern with Waddle. He didn't practice until Friday, when he managed a limited session. I'll update his status on Saturday when we know more. He may clear the concussion protocol before Sunday, so for now, we will wait. Week 3 Positional Value: TBD",,,WR27,13.2,7500.0
deandrehopkins,WR,28,"Hopkins gutted it out through injury last week with a 65% route run per team dropback rate. Through two games, he has a 29.3% Target share and 35.8% air yard share. Despite being banged up, he still led the team with a 25% first-read share. Hopkins ranks second on the team behind Nick Westbrook-Ikhine in red zone targets. Hopkins will run about 62% of his routes against Denzel Ward (53.3% catch rate and 107.6 passer rating) and Martin Emerson (12.5% catch rate and 39.6 passer rating).Hopkins' practice participation declined throughout the week, which is a terrible sign for Week 3. He started with a full practice on Wednesday before a limited session on Thursday, and he missed Friday's practice. Week 3 Positional Value: low-end WR3/Must-Sit if you have comparable options",,,WR28,12.9,6300.0
terrymclaurin,WR,29,"Terry McLaurin has struggled out of the gate. He has a 15.8% Target share and a 28.5% air yard share. Those numbers aren't frightening, but he also ranks 51st in receiving grade and 43rd in YPRR. That's where the ""oh my"" comes into play. This is probably injury-related and small sample variance, but it's still noteworthy. McLaurin will run about 84% of his routes against Tre'Davious White (75% catch rate and 125.5 passer rating) and Christian Benford (33.3% catch rate and 52.1 passer rating). Week 3 Positional Value: WR3",,,WR29,12.8,5600.0
djmoore,WR,30,"After being shadowed by Jaire Alexander in Week 1, Moore broke out in Week 2. He has a 20.7% Target share, a 32.6% air yard share, 3.25 YPRR, and a 30% first-read share. Moore is tied for the team lead in deep targets, so if Fields is looking to chuck it deep, Moore will be a part of that game plan. Moore will run about 79% of his routes against L'Jarius Sneed (63.6% catch rate and 90.7 passer rating) and Joshua Williams (25% catch rate and 45.8 passer rating). Week 3 Positional Value: WR2/3",start,,WR30,12.7,5700.0
drakelondon,WR,31,"After finishing with a goose egg in Week 1 with only one target, London got things going in Week 2. He commanded a 25% Target share a 30% air yard share, and manufactured 2.09 YPRR. London was the WR19 in fantasy scoring last week. Talent is not a problem for London, but weekly pass game volume and quarterback play definitely are. Against the Lions' stout run defense, the Falcons could be forced to throw more than they want. If that happens, London can post another productive stat line. Last year, he was fifth in receiving grade and 12th in YPRR against zone coverage. London will run about 86% of his routes against Cameron Sutton (66.7% catch rate and 88.9 passer rating) and Jerry Jacobs (73.3% catch rate and 127.5 passer rating). Week 3 Positional Value: WR3 with WR2 upside",start,,WR31,12.6,5000.0
jerryjeudy,WR,32,"Jeudy was slow out the gate with a 15.6% Target share and a 13.0% air yard share (0.76 YPRR), but his underlying usage is very encouraging. While he was not blowing up the boxscore in his first game back, he had an 81% route run per team dropback rate and a 33.0% first-read share. The high route total means he is somewhere close to full health, and the heavy first-read usage foretells that the target volume is coming. The closest receiver to that number for first reads is Sutton at a disappointing 17.2%. Jeudy will run about 73% of his routes from the slot against Kader Kohou (66.9% catch rate and 85.7 passer rating allowed in his career). Week 3 Positional Value: WR2",start,,WR32,12.3,6500.0
jordanaddison,WR,33,"Addison is inching closer weekly to supplanting K.J. Osborn as the team's starter in two wide sets. His route run per team dropback rate increased from 61.7% to 71.7% last week. Addison has drawn only a 12.5% Target share, a 26.2% air yard share, and a 12.3% first-read share despite his 2.15 YPRR. This passing offense heavily flows through Jefferson, and Hockenson is the number two after him, so Addison has his work cut out to possibly supplant Hockenson as the WR2 in the target tree. Addison will run about 73% of his routes against Samuel and Jackson. Week 3 Positional Value: WR3/4",,,WR33,12.2,5500.0
christiankirk,WR,34,"In Week 2, Kirk had a 77.6% route run rate per team drop back, with a 33.3% Target share in Week 2. While his numbers in Week 1 were disappointing, with Zay Jones out this week, Kirk will be a full-time player in two wide receiver sets that likely kicks into the slot when they go three wide. Last year, with Zay Jones out in Week 4, Kirk played 48% of his snaps in the slot and 44% on the perimeter. When he's outside, he'll face Nelson and Griffin, but when he runs from the slot, he will see M.J. Stewart in coverage (Career: 75.7% catch rate and 115.6 passer rating). The injuries to this Texans' secondary will loom large this week. Derek Stingley, Jalen Pitre, and Tavierre Thomas have all been ruled out. Kirk should ball out again this week. Week 3 Positional Value: WR3/4",,,WR34,12.1,5400.0
michaelthomas,WR,35,"If any wide receiver could get shadow coverage from Jaire Alexander, it's probably Thomas. Alexander followed D.J. Moore on 55% of his routes in Week 1. He held Moore to goose eggs across the board with zero targets or receiving yards. Thomas has a 22.9% Target share and 22.3% air-yard share with 1.76 YPRR as the WR41 in fantasy. Thomas has looked like the vintage Thomas. He's been second in command against zone coverage behind only Olave. If Alexander doesn't follow Thomas, he'll run about 72% of his routes against Alexander (75% catch rate and 156.3 passer rating) and Rasul Douglas (63.6% catch rate and 41.9 passer rating). Thomas has been the go to receiver in the red zone (tied for the sixth-most red zone targets in the NFL). Week 3 Positional Value: WR3",,,WR35,11.9,5300.0
jahandotson,WR,36,"Dotson hasn't started the season off strong either. He has a 19.0% Target share and a 24.2% air yard share, but he's done very little with it. Among 60 qualifying wide receivers, Dotson ranks 52nd in receiving grade and 57th in YPRR. Dotson leads the receiving group in weighted opportunity (WOPR). This doesn't feel like the spot where Dotson begins to turn things around. He'll run about half of his routes against Benford and White. Week 3 Positional Value: WR4/5",,,WR36,11.9,4900.0
marquisebrown,WR,38,"Marquise Brown has a 24.6% Target share and a 30.5% air yard share with a 34.9% first read share. Among 60 qualifying wide receivers, he ranks 37th in receiving grade and 41st in YPRR. Dallas has been utilizing Trevon Diggs (25% catch rate and 1.0 passer rating) and Stephon Gilmore (53.8% catch rate and 86.1 passer rating) in man coverage on 49% of their snaps. Last year, among 83 wide receivers, Brown ranked 21st in receiving grade and 31st in YPRR against man coverage. Brown will run about 79% of his routes against Diggs and Gilmore. Week 3 Positional Value: WR4",sit,,WR38,11.4,4900.0
gabedavis,WR,39,"Davis remains Josh Allen's second in command when he looks to go deep. Davis was second on the team in deep targets (sixth-most among wide receivers) last year. This season, he has a 14.8% Target share and a 30.5% air yard share. Davis ranks 26th in receiving grade and 36th in YPRR. We've seen Davis have huge outings when Allen's deep ball is on display, which could easily happen in Week 3. Davis will run about 84% of his routes against Fuller and Forbes. Week 3 Positional Value: WR3 with massive upside",,,WR39,11.3,5800.0
elijahmoore,WR,40,"Moore truthers might have to face tough facts that rookie season Eliah Moore might never return. After two games, he has a 21.7% Target share and 22% TPRR, but he's done very little with the volume. Among 60 qualifying wide receivers, he's 48th in receiving grade and 46th in YPRR. He ranks 42nd in first read share among that same sample of receivers. Watson isn't playing good football, but Moore isn't blowing the doors off so far in 2023. Moore will run about half of his routes against Roger McCreary (50% catch rate and 62.5 passer rating). Week 3 Positional Value: WR4",sit,,WR40,11.1,4700.0
courtlandsutton,WR,41,"Sutton has an 18.2% Target share and a 30.4% air yard share. His first read share (17.2%) and efficiency have been disappointing. Sutton could very well be past his prime at this point. Without Jeudy in the lineup, he was unable to command heavy volume. Among 60 qualifying wide receivers, he ranks 30th in receiving grade and 39th in YPRR. He'll run about 79% of his routes against Xavien Howard (68.8% catch rate and 55.5 passer rating) and Eli Apple (64.3% catch rate and 84.5 passer rating). Week 3 Positional Value: WR4",sit,,WR41,10.8,5100.0
romeodoubs,WR,43,"Doubs has earned a 15.7% Target share and a 19.2% air yard share this season. He's 24th in receiving grade and 47th in YPRR with a 64% route run per team dropback rate. While he opened the season with two scores in Week 1, we can't rely on those touchdowns weekly. We should look elsewhere if we're looking for strong receiving yardage totals to balance out the touchdown valleys. Doubs has surpassed 50 receiving yards in only three career games. I doubt he will make it four this week. Doubs will run about 81% of his routes against Marshon Lattimore (37.5% catch rate and 9.4 passer rating) and Paulson Adebo (55.6% catch rate and 43.5 passer rating). Week 3 Positional Value: WR5",sit,,WR43,10.5,4800.0
jaydenreed,WR,44,"Reed has been incredible on a limited route volume. He's only seen a 57% route run per team dropback rate. Among wide receivers with at least 25 routes (141 WRs), Reed is 24th in Target share (23.5%), third in TPRR (38%), and 17th in YPRR (2.66). Reed's role is holding him back. He's stuck in a part-time slot role on a low-volume passing offense. Until he can break free and become a full-time player, his upside is capped regardless of how good he is on a per-route basis. Reed will run about 65% of his routes against Alontae Taylor (80% catch rate and 105.2 passer rating). Week 3 Positional Value: WR4/5",sit,,WR44,10.4,3800.0
joshreynolds,WR,45,"Reynolds is running hot. He's the WR12 in fantasy after two stellar games. He has a 17.1% Target share and 31.4% air yard share as a trusted weapon for Goff. Reynolds ranks ninth in receiving grade and 14th in YPRR. While I doubt he keeps up this torrid pace all season, we still have to tip the cap to Reynolds. Reynolds has run the team's second-most slot routes to only St. Brown. If St. Brown can't go, don't be surprised if Reynolds sees his slot rate bump even higher (48% slot). Reynolds will run about half of his routes (maybe more) against Dee Alford (85.7% catch rate and 138.4 passer rating). Week 3 Positional Value: WR4 with WR2/3 upside",,,WR45,9.6,4200.0
rashidshaheed,WR,46,"With every passing week, Shaheed continues to prove that his small sample rookie season efficiency majesty isn't a fluke. He has a 14.3% Target share and a 21.0% air yard share as the WR26 in fantasy. His output against zone coverage over the last two seasons has been incredible, with 3.73 and 3.44 YPRR. Shaheed and Olave are Carr's paths to a ceiling performance on the back of deep targets. Shaheed is second on the team with four deep targets. He's also a go-route savant. This season, he's been targeted on 57% of his go routes and leads the team with four go route targets. Shaheed will run about 63% of his routes against Alexander and Douglas. Week 3 Positional Value: WR3/4 with WR2 upside this week",,,WR46,9.6,4200.0
tankdell,WR,47,"Dell was impressive in his first game as a full-time starter last week. He played 79% of the snaps while leading the team with a 21.3% Target share and ranking second to only Collins with a 21.9% first-read share. Dell also led the team in TPRR against zone coverage with 28% (Collins 24%, Woods 16%). Dell will run about 68% of his routes against Campbell and Williams. Don't be surprised if he leads the team in targets again in Week 3. Week 3 Positional Value: WR3/4 with WR2 upside",,,WR47,9.5,3600.0
adamthielen,WR,48,"Thielen came alive in Week 2 with a 27.3% Target share, a 32.4% air yard share, and a 25% TPRR. He finished with 1.5 YPRR and a miniscule 6.4 aDOT. Seattle has utilized zone coverage on 53-71% of their corner's snaps this season. Theilen has shown his age this season against zone with a 7% TPRR, 0.49 YPRR, and 14.2% first-read share. Thielen will run about 76% of his routes against Coby Bryant (85.7% catch rate and 102.4 passer rating). Week 3 Positional Value: WR4",sit,,WR48,9.4,3900.0
jaxonsmith-njigba,WR,49,"Smith-Njigba remains a sit and hold. He's only seen a 60% route per team dropback rate. He's not seeing enough snaps or target volume (16.4%) to overcome his insane 1.6 aDOT. This remains a situation where I believe the team is protecting Smith-Njigba until he's fully healthy, so for now, we watch and wait. Week 3 Positional Value: Must-Sit",sit,,WR49,9.4,4300.0
treylonburks,WR,50,"Burks has been disappointing. He has a 12.1% Target share, a 20.1% air yard share, and an 11.9% first read share (fourth on the team). He's been the team's field stretcher, leading the team with two deep targets (14.4 aDOT). Burks should be a must-sit for most teams. He'll run about 54% of his routes against Ward and Emerson. Week 3 Positional Value: WR5",sit,,WR50,9.4,4300.0
robertwoods,WR,51,"Woods is the third option in this passing attack. Last week, he took over the slot role from Noah Brown (IR). Woods saw a 19.1% Target share and a 24.4% air-yard share with 1.68 YPRR. He was the first read on 18.8% of passing plays. Woods has also been the third option against zone. He'll see Tre Herndon (80% catch rate and 98.3 passer rating) on about 61% of his routes. Week 3 Positional Value: WR4",,,WR51,9.1,4400.0
skyymoore,WR,52,"I wish I could recommend Moore as a start after his 54-yard scamper last week, but I can't. He only has a 63.3% route run per team dropback rate, a 10% Target share, and an 18% air yard share. Moore is tied for fifth on the team with Noah Gray with an 11.1% first-read share. There's nothing here to twist or turn to talk yourself into playing Moore. Could he go off against this burnable secondary? Yep. It's possible, but it's not probable. Week 3 Positional Value: Must-sit",sit,,WR52,9.1,4400.0
kendrickbourne,WR,53,"Bourne saw his playing time dwindle in the first game with Parker back. I was worried he was likely fantasy fool's gold, and that's been proven true already. He had a 46% route run per team dropback in Week 2. Drop him from your rosters. Week 3 Positional Value: Droppable",,,WR53,9.1,5100.0
k.j.osborn,WR,56,"Osborn is the Vikings version of Josh Palmer. He is a dependable veteran who should be pushed aside for the talented rookie in terms of playing time and target rate. Osborn has an 86% route run per team dropback rate and a 13.6% Target share, but he mustered 0.81 YPRR. We know who Osborn is at this juncture. Play the rookie. Week 3 Positional Value: Must-sit / Cut bait",,,WR56,8.9,4000.0
kadariustoney,WR,57,"Toney is now dealing with a toe injury. He didn't practice on Wednesday or Thursday before getting in a limited practice on Friday. Toney has played 25-28% of the snaps weekly, averaging five targets, three receptions, and only 18 receiving yards. He remains banged up, so I doubt his snaps will rise more than previous levels this week. Toney is a touchdown or bust desperation flex play. Even if you're tossing flex darts this week, there are shinier ones in the box to choose from. Week 3 Positional Value: Must-sit",,,WR57,8.8,4600.0
jujusmith-schuster,WR,58,Smith-Schuster remains a part-time player (48% route per team dropback rate in Week 2). He split the RWR role last week with Kendrick Bourne. Feel free to drop him. Week 3 Positional Value: Droppable,sit,,WR58,8.6,4300.0
devanteparker,WR,60,"In his first game of the season, Parker had an 87% route per team dropback rate with a 19.0% Target share and a 13.1% air yard share. Last year, Parker was 32nd in receiving grade, 34th in YPRR, and outside the top 70 wide receivers in route win rate. Parker will run about 65% of his routes against D.J. Reed (71.4% catch rate and 88.7 passer rating). Week 3 Positional Value: WR5/6",,,WR60,8.3,3800.0
christianwatson,WR,61,,,,WR61,8.1,5900.0
darnellmooney,WR,62,Mooney (knee) had back-to-back limited practices to open the week before practicing in full on Friday. Darnell Mooney has only a 10.6% Target share and a 14% TPRR this season. He's the third or possibly fourth option on a struggling passing attack. You likely have stronger flex options this week than Mooney. The Chiefs have allowed the 11th-fewest fantasy points per game to wide receivers. Week 3 Positional Value: Must-sit,,,WR62,8.1,4400.0
donovanpeoples-jones,WR,63,"Peoples-Jones should not be on a fantasy roster now. He's quickly become an afterthought in this offense. Peoples-Jones has an 81% route run per team dropback rate, which is fantastic, but he's only drawn a 7.2% Target share and 7.4% air yard share. He's the fourth or fifth option in a struggling passing attack. Week 3 Positional Value: Droppable",,,WR63,7.9,4100.0
mackhollins,WR,64,,,,WR64,7.9,3500.0
rashodbateman,WR,66,"With Beckham Jr. out, Bateman likely takes over the starting spot outside opposite Zay Flowers. Nelson Agholor worked in last, but he has run 70.4% of his routes from the slot this season (72.2% last week). Agholor and Bateman play two very different roles in this offense. Last week, Bateman ran 80% of his routes on the perimeter. Bateman could be bumped up into a full-time role this week. He saw his route run per team dropback rate increase from 48.4% in Week 1 to 52.5% in Week 2. If we zoom in further, in the second half of last week's game, Bateman ran a route on 75% of the team's dropbacks, which was tied with Mark Andrews for second on the team behind only Flowers. The talent has always been present with Bateman. This week, it looks like we get Bateman finally unleashed in a full-time role. With his 23% TPRR and 2.00 YPRR against zone this year, he could explode this week while running his routes against the burnable perimeter cornerback duo of Flowers and Baker Jr. Week 3 Positional Value: WR3/4 with WR2 upside",,,WR66,7.8,4600.0
joshdowns,WR,67,Downs has managed a 15.3% Target share and 68% route run per team drop back rate. He's only seen a 14.6% first-read share and produced 1.2 YPRR. The matchup is a plus for him this week. He'll run about 89% of his routes against Arthur Maulet (career: 66.7% catch rate and 85.3 passer rating). Downs leads the team with three red zone targets. Week 3 Positional Value: WR4/5 with a good corner matchup,,,WR67,7.6,3500.0
marquezvaldes-scantling,WR,68,Valdes-Scantling is a must-sit. He's been supplanted as the team's deep threat (13.8 aDOT). Last week he had a pretty matchup against a team that struggled against the deep ball and he did nothing. Week 3 Positional Value: Must-sit,,,WR68,7.4,4200.0
curtissamuel,WR,69,"Samuel hasn't crossed 60 receiving yards this season or played more than 65% of the snaps. Asking Sam Howell to support at least or maybe two pass catchers currently is a struggle, much less a tertiary option like Samuel. Samuel has a 12.7% Target share and a 10.4% air yard share while running about 73% of his routes from the slot. He'll see Taron Johnson (2022: 71.8% catch rate and 107.7 passer rating) in coverage for most of the day. The matchup is good, so if you are in a deep league, he's flex-worthy. Samuel popped up on the injury report on Friday (DNP) with a hip injury. He's been listed as questionable. Week 3 Positional Value: Deep league flex play (if active)",,,WR69,7.3,3700.0
michaelgallup,WR,70,"Gallup has become an afterthought in this passing attack. Against zone coverage, he has a 10.5% Target share and a 20.4% air-yard share (0.43 YPRR). Gallup has a 13% first-read share (fourth on the team) against zone. Week 3 Positional Value: Must-sit WR5/6",,,WR70,7.3,3700.0
marvinmimsjr.,WR,71,Mims is unstartable despite last week's 113 receiving-yard performance. He only ran six routes last week. Mims just drew two deep targets (45.0 aDOT) and converted both for 113 receiving yards. Mims isn't playable until the snaps and routes climb. Week 3 Positional Value: Must-Sit,,,WR71,7.3,3900.0
jonathanmingo,WR,72,"Mingo is an interesting dart throw this week. He leads the team with an 18.3% Target share and a 40.5% air yard share. He hasn't been productive with the volume, with only 0.58 YPRR, but there's hope that this week will lead to better results. Mingo is tied with Thielen for the team lead with a 30.3% first-read share. Mingo buries Thielen in first read share against zone coverage with 33.3% (Thielen 14.3%). Mingo will run about 67% of his routes against Devon Witherspoon (60% catch rate and 143.8 passer rating) and Tre Brown (66.7% catch rate and 107.2 passer rating). Week 3 Positional Value: upside WR4",sit,,WR72,7.3,3400.0
rondalemoore,WR,73,,,,WR73,7.2,3200.0
joshuapalmer,WR,74,"Palmer is a must-sit. I probably don't have to tell anyone this, but I thought I'd take a minute to implore the Chargers to take him out of the starting lineup. Palmer is out there running sprints all game and not drawing targets. He has a 64% route run per team dropback rate, but he's only seen an 8.1% Target share and produced 0.31 YPRR. Quentin Johnston needs to get in the lineup because he can offer this offense another playmaking threat. Unfortunately, Palmer, while a solid veteran, simply isn't that. Week 3 Positional Value: Must-sit / Cut bait",,,WR74,7.2,3300.0
allenlazard,WR,76,,,,WR76,6.9,4700.0
brandincooks,WR,78,"Cooks opened the week with a limited practice (knee), but he upgraded to back-to-back full sessions to close the week. Cooks doesn't carry an injury designation into Week 3. This season, in his small sample against zone coverage, Cooks has a 33.3% Target share, a 34.2% air-yard share, and a 40% TPRR (2.1 YPRR). Even going back to last season, Cooks still has the juice to get loose against zone. Last season, once Houston came to their senses and transferred Cooks back to a field stretching role, he crushed against zone. After Week 7, among 68 qualifying wide receivers, Cooks ranked 22nd in receiving grade and 21st in YPRR. Cooks will run about 81% of his routes against Marco Wilson (81.3% catch rate and 139.6 passer rating) and Kei'Trel Clark (66.7% catch rate and 95.8 passer rating). Week 3 Positional Value: WR3/4 with WR2 upside",,,WR78,6.7,5200.0
nickwestbrook-ikhine,WR,79,,,,WR79,6.5,3400.0
djcharkjr.,WR,80,"With Chark, we're in wait-and-see mode. Last week, he only ran a route on 56% of the team's dropbacks with a 3% Target share. We'll see if his snaps are upgraded this week. Week 3 Positional Value: Must-sit",,,WR80,6.5,3800.0
quentinjohnston,WR,81,,,,WR81,6.5,3400.0
rasheerice,WR,82,,,,WR82,6.4,3300.0
alecpierce,WR,83,"Drop Pierce from your rosters. He has commanded only a 6.9% Target share (nice  and a 12.4% air yard share despite running a route on 76.8% of dropbacks. This is not good, Bob. Week 3 Positional Value: Droppable ",,,WR83,6.3,3400.0
michaelwilson,WR,84,,,,WR84,6.2,3400.0
chaseclaypool,WR,87,"Last week, Claypool had a 24.1% Target share, a 41.4% air yard share, and 1.71 YPRR. He was second to only Moore with a 25% first-read share. Claypool has been a disappointing player, with multiple clips of lack-of-effort reps hitting social media. The talent is in there somewhere, but I wonder if we'll ever see it again flourish on an NFL field. Claypool will run about 82% of his routes against Sneed and Williams. Week 3 Positional Value: WR5",,,WR87,5.8,3400.0
braxtonberrios,WR,88,,,,WR88,5.2,3600.0
justinwatson,WR,91,"I know this is a deep pull, but hear me out. Watson leads the team with a 24.6 aDOT. I understand he only has a 38.9% route run per team dropback rate. He has a 10% Target share and a 23% TPRR. Watson has a 67% TPRR on deep routes and leads the team with four deep targets. Playing Watson in a deep league is praying for him to connect on one or two deep shots from Mahomes, which can happen. Chicago has allowed the seventh-highest passer rating, 13th-highest adjusted completion rate, and the 11th-highest yards per attempt on deep targets this season. Week 3 Positional Value: deep league flex or desperation flex play",,,WR91,5.1,3500.0
terracemarshalljr.,WR,92,,,,WR92,5.0,3300.0
nelsonagholor,WR,93,,,,WR93,4.8,3200.0
kalifraymond,WR,94,,,,WR94,4.6,3400.0
marvinjonesjr.,WR,96,"Jones is cooked. He has earned only a 7.1% Target share, an 8.5% air yard share, and produced 0.22 YPRR. Jones shouldn't be on any fantasy roster. Week 3 Positional Value: Must-sit / Cut bait",,,WR96,4.5,3200.0
laviskashenaultjr.,WR,98,,,,WR98,4.4,3200.0
brandonjohnson,WR,99,,,,WR99,4.2,3300.0
demariodouglas,WR,100,,,,WR100,4.2,3000.0
deonteharty,WR,102,,,,WR102,3.7,3100.0
justynross,WR,103,,,,WR103,3.6,3000.0
dontayvionwicks,WR,104,,,,WR104,3.5,3300.0
jalentolbert,WR,105,,,,WR105,3.5,3100.0
cedrictillman,WR,106,,,,WR106,3.4,3000.0
rivercracraft,WR,107,,,,WR107,3.2,3400.0
randallcobb,WR,108,,,,WR108,3.1,3200.0
mecolehardmanjr.,WR,109,,,,WR109,3.1,3300.0
johnmetchie,WR,111,,,,WR111,3.0,3200.0
trentsherfield,WR,112,,,,WR112,3.0,3000.0
devinduvernay,WR,115,,,,WR115,2.8,3100.0
jamalagnew,WR,116,,,,WR116,2.8,3000.0
khalilshakir,WR,117,,,,WR117,2.5,3600.0
samoritoure,WR,118,,,,WR118,2.5,3000.0
lil'jordanhumphrey,WR,120,,,,WR120,2.3,3200.0
chrismoore,WR,121,,,,WR121,2.3,3000.0
dyamibrown,WR,122,,,,WR122,2.3,3100.0
kavontaeturpin,WR,123,,,,WR123,2.2,3000.0
kayshonboutte,WR,124,,,,WR124,2.2,3000.0
isaiahmckenzie,WR,126,,,,WR126,1.7,3000.0
zachpascal,WR,129,,,,WR129,1.7,3000.0
davidbell,WR,131,,,,WR131,1.5,3000.0
tylerscott,WR,133,,,,WR133,1.4,3000.0
erikezukanma,WR,134,,,,WR134,1.4,3000.0
khadarelhodge,WR,136,,,,WR136,1.3,3000.0
marquisegoodwin,WR,138,,,,WR138,1.1,3200.0
xavierhutchinson,WR,140,,,,WR140,0.9,3000.0
trenttaylor,WR,141,,,,WR141,0.8,3000.0
gregdortch,WR,142,,,,WR142,0.8,3100.0
jakebobo,WR,144,,,,WR144,0.6,3000.0
malikheath,WR,145,,,,WR145,0.6,3000.0
keithkirkwood,WR,146,,,,WR146,0.5,3000.0
deriusdavis,WR,148,,,,WR148,0.5,3000.0
kirkmerritt,WR,150,,,,WR150,0.4,3000.0
timjones,WR,151,,,,WR151,0.4,3000.0
byronpringle,WR,152,,,,WR152,0.3,3000.0
juwannwinfree,WR,154,,,,WR154,0.3,3000.0
codythompson,WR,155,,,,WR155,0.3,3000.0
jalenbrooks,WR,156,,,,WR156,0.3,3000.0
antoinegreen,WR,157,,,,WR157,0.3,3000.0
cedrickwilsonjr.,WR,160,,,,WR160,0.2,3000.0
brandonpowell,WR,161,,,,WR161,0.2,3000.0
velusjonesjr.,WR,162,,,,WR162,0.2,3000.0
phillipdorsett,WR,164,,,,WR164,0.2,3000.0
a.t.perry,WR,165,,,,WR165,0.2,3000.0
ihmirsmith-marsette,WR,166,,,,WR166,0.0,3000.0
tylanwallace,WR,167,,,,WR167,0.0,3000.0
mitchelltinsley,WR,168,,,,WR168,0.0,3000.0
parkerwashington,WR,169,,,,WR169,0.0,3000.0
jamisoncrowder,WR,170,,,,WR170,0.0,3000.0
xaviergipson,WR,171,,,,WR171,0.0,3000.0
traviskelce,TE,1,"Kelce played 64% of the snaps last week, and he still led the team with a 22.0% Target share. He had a 36% TPRR and 1.04 YPRR as he drew nine targets. Hopefully, another week post-injury, we see Kelce closer to a full snap share, but even on limited reps, he's still a lock for eight or more targets. The lesson is that if Kelce is active, you play him. End of story. Week 3 Positional Value: Must-start always",,,TE1,18.3,7200.0
markandrews,TE,2,"Last week, in his first game action, Andrews had a 75% route run per team dropback rate, a 24.2% Target share, 27% TPRR, and 1.50 YPRR. As you can see from the above chart, he's the clear number-one option for the team against zone coverage. Andrews should feast this week. Last season, Indy allowed the sixth-highest yards per reception to tight ends. This year, they have permitted the ninth-most receiving yards and 11th-highest yards per reception to the position. Week 3 Positional Value: Top-three TE",,,TE2,13.9,6000.0
t.j.hockenson,TE,3,"Hockenson has a 19.3% Target share, ranking third in receiving grade and ninth in YPRR. He's the TE1 overall in fantasy right now. He faces a Bolts' defense that allowed the 12th-most receiving yards and second-highest yards per reception to tight ends last season. Week 3 Positional Value: Top 3-5 TE",,,TE3,13.8,6500.0
evanengram,TE,6,"Engram has a 17.6% Target share and a 20.7% first-read share. He ranks third in receiving grade and sixth in YPRR among tight ends (minimum six targets). Engram has been stonewalled in the red zone, as only Ridley and Jones have drawn targets inside the 20. Houston is 17th in receiving yards allowed to tight ends, but they have allowed the sixth-highest yards per reception. Week 3 Positional Value: TE1",start,,TE6,10.9,4800.0
samlaporta,TE,8,"Around here, we stan Sammy Ballgame. Don't look now, rookie tight-end haters. LaPorta is the TE6 in fantasy points per game. He's sixth in receiving grade, third in YPRR, and 11th in YAC per reception. Last week, his route run per team dropback rate ranked seventh (78.4%). Last year, Atlanta allowed the seventh-most receiving yards and the fourth-most fantasy points to tight ends. This season, they have surrendered the 11th-most fantasy points to the position. Week 3 Positional Value: Locked-in TE1",,,TE8,9.6,4000.0
davidnjoku,TE,10,"Let's continue our lovely ride on the pain train. Njoku's name value in fantasy circles has eclipsed his production this season. He's currently the TE29 in fantasy points per game, immediately behind Tyler Conklin. He's running a route on 75% of the team dropbacks, but that hasn't helped Watson to look his way. Among 38 qualifying tight ends, he ranks 27th in Target share, 25th in first-read share, and 22nd in YPRR. This could be the matchup to get him going, though. Tennessee has allowed the seventh-most receiving yards and third-highest yards per reception to tight ends. They had similar struggles stopping tight ends last year, giving up the most receiving yards and sixth-highest yards per reception to the position. Week 3 Positional Value: low-end TE1",,,TE10,8.9,4200.0
kylepitts,TE,11,"Pitts has a 16.0% Target share and a 34.0% air-yard share, which sounds great until you realize that Pitts is the TE32 in fantasy points per game. He has not been a priority against zone coverage, ranking third on the team in Target share (14.3%) and fourth in TPRR (15%). Sadly, his TPRR ranks immediately behind fellow tight end Jonnu Smith. Detroit gave up a ton of production to tight ends last season, but that all came against inline tight ends. Against slot tight ends, they allowed the fourth-fewest fantasy points (Pitts 50% slot). Week 3 Positional Value: TE2 that can pop off as a TE1 in any week",sit,,TE11,8.8,3900.0
hunterhenry,TE,12,"Henry is the TE2 in fantasy, which is more telling about the position this season than Henry's performance. Henry has a 65% route run per team dropback rate and a 13.5% Target share. Don't get me wrong. He has been solid, but not TE2 overall spectacular. Henry is seventh in receiving grade and 12th in YPRR. Last year, New York allowed the ninth-highest yards per reception, sixth-most receiving yards, and the ninth-most fantasy points to tight ends. All of this sounds fantastic, but also remember Henry hasn't crossed the 30-yard receiving threshold in his last two meetings against this defense. Week 3 Positional Value: low-end TE1/high-end TE2",start,,TE12,8.7,4100.0
zachertz,TE,14,"Ertz has a 78.5% route run per team dropback rate with a 29.5% Target share, a 27.0% air yard share, and a 30.2% first-read share. He ranks 23rd in receiving grade and seventh in YPRR (minimum six targets). Last year, Dallas allowed the sixth-lowest receiving yards and second-lowest yards per reception to tight ends. Week 3 Positional Value: volume-based TE2 with low-end TE1 upside",,,TE14,8.6,3500.0
jakeferguson,TE,15,"Ferguson has only a 46.2% route run per team dropback rate. He's seen a 15.9% Target share with a 33% TPRR. Ferguson leads the NFL with seven red zone targets. His touchdown equity in this offense is massive. Last year, Arizona allowed the most receiving touchdowns to tight ends. This season, they have given up the third-most receiving yards and fifth-highest yards per reception to the position. Week 3 Positional Value: TE2 matchup-based streaming option",sit,,TE15,8.6,3600.0
daltonkincaid,TE,16,"Kincaid has mustered a 13.5% Target share and an 8.7% air-yard share while running 55% of his routes from the slot. He is third on the team with two red zone targets. Among 34 qualifying tight ends, he is 20th in receiving grade and 16th in YPRR. Much like with Knox, this isn't the week to play Kincaid. Week 3 Positional Value: Must-sit TE2",sit,,TE16,8.2,3400.0
colekmet,TE,17,"Kmet has an 18.2% Target share and a 22.6% air yard share. Among 34 qualifying tight ends, he ranks eighth in receiving grade and 11th in YPRR. Kmet faces a Chiefs' defense that has allowed the eighth-most receiving yards and 11th-most fantasy points to tight ends. Last season, Kansas City gave up the tenth-highest yards per reception and the most fantasy points to slot tight ends (Kmet 51.3% slot rate). Week 3 Positional Value: TE2 with TE1 upside this week",,,TE17,8.1,4300.0
lukemusgrave,TE,18,"Sit Musgrave this week. That is all. It doesn't have to be complicated. New Orleans has been and remains a shutdown defense against tight ends. This season, the Saints have allowed the second-fewest receiving yards and zero scores to the position. Last year, they gave up the fewest receiving yards, the fewest fantasy points, and only two receiving touchdowns to tight ends. Do not play Musgrave this week. Week 3 Positional Value: Must Sit",,,TE18,8.0,3300.0
haydenhurst,TE,19,"I feel like cherry-picking. I'm not bothering with Hurst's usage against the no-fly zone for tight ends known as the Saints' defense that he encountered in Week 2. No one should have expected Hurst to do anything against that defense. In Week 1, Hurst had a 64.3% route run per team dropback rate with an 18.4% Target share, 26% TPRR, and 1.52 YPRR. Those are excellent numbers, although I do think the route run rate was higher. Hurst should be a focal point of the passing attack against a defense that has struggled against tight ends over the last two seasons. This year, Seattle has allowed the fourth-most receiving yards and the highest yards per reception to the position. Week 3 Positional Value: low-end TE1",start,,TE19,8.0,3800.0
daltonschultz,TE,20,"Schultz is an afterthought in this offense. He has a 77.4% route run per team dropback rate, but he's only drawn a 9.1% Target share and produced 0.10 YPRR. His Target share only climbs to 9.4% against zone (12% TPRR, 0.15 YPRR). This week, Schultz qualifies as a matchup streamer against a Jaguars defense that has allowed the sixth-most receiving yards and ninth-highest yards per reception to tight ends. Week 3 Positional Value: low-end TE2 matchup-based streaming option",,,TE20,7.8,3700.0
geraldeverett,TE,21,,,,TE21,7.6,3800.0
juwanjohnson,TE,23,"Johnson's usage has been borderline TE1-worthy. He has an 11.4% Target share and a 13.3% first-read share. He has run a route on 70.9% of the team's dropbacks. That's not as high as we would like, but it's not terrible. If Thomas gets locked up this week with Alexander, it could push some target volume his way. Last year, Green Bay was quite good against tight ends, allowing the second-fewest receiving yards and sixth-fewest fantasy points to the position. After two games, maybe we are seeing a turning of the tide as Green Bay has allowed the 13th-highest yards per reception and the 12th-most receiving yards to tight ends. Week 3 Positional Value: TE2 with TE1 upside this week. ",sit,,TE23,7.4,3500.0
taysomhill,TE,25,,,,TE25,7.2,3300.0
dawsonknox,TE,26,"Knox has a 12.1% Target share and ranks second behind only Diggs in red zone targets on the team. Among 34 qualifying tight ends, he is 31st in receiving grade and YPRR. This isn't the week to consider streaming Knox. Last year, Washington allowed the fifth-fewest receiving yards to tight ends and the tenth-fewest fantasy points to slot tight ends (Knox 52% slot rate). Week 3 Positional Value: low-end TE2",,,TE26,7.0,3200.0
kylengranson,TE,27,"Granson has a 64.6% route run per team dropback rate and a 13.9% Target share. These are TE2-worthy streamer-worthy numbers when the right matchup presents itself. Sadly, that is not this week. This season, Baltimore has held tight ends to the fifth-fewest receiving yards and second-lowest yards per reception. They were tough against the position last season as well, holding tight ends to the seventh-fewest receiving yards and ninth-fewest fantasy points. Week 3 Positional Value: Must-sit TE2",,,TE27,6.6,3100.0
durhamsmythe,TE,28,"Smythe is also in the streaming conversation this week. He has been an every-down player for the Dolphins with an 85% route run per team dropback rate. He has a 13.3% Target share (1.00 YPRR) with one red zone target. Denver has been a turnstile for tight ends for the last two seasons. Last year, they gave up the fifth-most receiving yard and fantasy point. This season so far, they have yielded the 11th-most receiving yards and the ninth-most fantasy points. Week 3 Positional Value: Top-shelf TE streaming option",,,TE28,6.4,2900.0
adamtrautman,TE,30,"Trautman enters the streaming category this week. His 9.1% Target share, 0.71 YPRR, and 60.8% route run per team dropback don't scream upside, but the matchup is sexy. Last season, Miami allowed the eighth-most receiving yards and third-most fantasy points to tight ends. This season, it's been much of the same as the Dolphins have surrendered the fifth-most receiving yards and the second-most fantasy points to tight ends. Week 3 Positional Value: Top-shelf TE streaming option",,,TE30,5.9,3000.0
mikegesicki,TE,31,,,,TE31,5.4,2900.0
noahfant,TE,32,,,,TE32,5.2,2900.0
treymcbride,TE,33,,,,TE33,5.2,2700.0
noahgray,TE,34,,,,TE34,4.9,3000.0
tylerconklin,TE,35,,,,TE35,4.8,3400.0
donaldparhamjr.,TE,36,,,,TE36,4.3,2700.0
coleturner,TE,37,,,,TE37,4.2,2700.0
jonnusmith,TE,38,,,,TE38,4.1,2500.0
johnbates,TE,40,,,,TE40,3.6,2800.0
willdissly,TE,41,,,,TE41,3.4,2800.0
colbyparkinson,TE,43,,,,TE43,3.1,2500.0
isaiahlikely,TE,44,,,,TE44,3.0,2900.0
josholiver,TE,45,,,,TE45,2.9,2500.0
harrisonbryant,TE,46,,,,TE46,2.7,2700.0
moalie-cox,TE,47,,,,TE47,2.6,2500.0
brockwright,TE,48,,,,TE48,2.5,2500.0
peytonhendershot,TE,49,,,,TE49,2.5,2500.0
lukeschoonmaker,TE,51,,,,TE51,2.0,2700.0
brevinjordan,TE,52,,,,TE52,2.0,2500.0
fostermoreau,TE,54,,,,TE54,1.9,2500.0
c.j.uzomah,TE,55,,,,TE55,1.9,2500.0
roberttonyan,TE,56,,,,TE56,1.8,2600.0
josiahdeguara,TE,57,,,,TE57,1.7,2500.0
willmallory,TE,58,,,,TE58,1.7,2500.0
jordanakins,TE,60,,,,TE60,1.6,2500.0
chrismanhertz,TE,62,,,,TE62,1.5,2500.0
teaganquitoriano,TE,64,,,,TE64,1.4,2500.0
tommytremble,TE,65,,,,TE65,1.4,2500.0
ianthomas,TE,66,,,,TE66,1.4,2800.0
stonesmartt,TE,67,,,,TE67,1.4,2500.0
tylerkroft,TE,71,,,,TE71,1.1,2700.0
brentonstrange,TE,72,,,,TE72,1.1,2500.0
tuckerkraft,TE,73,,,,TE73,1.1,2500.0
quintinmorris,TE,74,,,,TE74,1.0,2500.0
pharaohbrown,TE,75,,,,TE75,1.0,2500.0
trevonwesco,TE,76,,,,TE76,1.0,2500.0
jamesmitchell,TE,77,,,,TE77,0.9,2500.0
blakebell,TE,78,,,,TE78,0.9,2600.0
mycolepruitt,TE,79,,,,TE79,0.9,2500.0
jeremyruckert,TE,82,,,,TE82,0.8,2500.0
geoffswaim,TE,83,,,,TE83,0.8,2500.0
jimmygraham,TE,84,,,,TE84,0.8,2500.0
lukefarrell,TE,85,,,,TE85,0.8,2500.0
joshwhyle,TE,86,,,,TE86,0.8,2500.0
charliekolar,TE,89,,,,TE89,0.7,2500.0
giovanniricci,TE,90,,,,TE90,0.7,2500.0
andrewbeck,TE,92,,,,TE92,0.6,4000.0
tre'mckitty,TE,93,,,,TE93,0.6,2500.0
nateadkins,TE,95,,,,TE95,0.6,2500.0
johnnymundt,TE,96,,,,TE96,0.6,2500.0
curtishodges,TE,99,,,,TE99,0.5,2500.0
marcedeslewis,TE,100,,,,TE100,0.5,2500.0
bensims,TE,102,,,,TE102,0.4,2500.0
julianhill,TE,104,,,,TE104,0.3,2500.0
nickmuse,TE,105,,,,TE105,0.3,2500.0
mattbushman,TE,106,,,,TE106,0.2,2500.0
elijahhiggins,TE,107,,,,TE107,0.2,2500.0
parkerhesse,TE,108,,,,TE108,0.2,2500.0
cowboys,DST,1,,,,DST1,10.1,4400.0
chiefs,DST,2,,,,DST2,8.5,3900.0
patriots,DST,4,,,,DST4,8.4,3500.0
bills,DST,5,,,,DST5,8.3,2900.0
jets,DST,7,,,,DST7,8.0,2800.0
ravens,DST,8,,,,DST8,8.0,3700.0
browns,DST,9,,,,DST9,7.8,3300.0
jaguars,DST,10,,,,DST10,7.5,3800.0
dolphins,DST,11,,,,DST11,7.4,3600.0
seahawks,DST,12,,,,DST12,7.4,3200.0
saints,DST,14,,,,DST14,7.1,2900.0
packers,DST,15,,,,DST15,6.8,3100.0
titans,DST,17,,,,DST17,6.7,3000.0
commanders,DST,18,,,,DST18,6.6,2400.0
lions,DST,21,,,,DST21,5.9,3400.0
panthers,DST,22,,,,DST22,5.9,2600.0
broncos,DST,23,,,,DST23,5.9,2500.0
chargers,DST,24,,,,DST24,5.8,2700.0
colts,DST,25,,,,DST25,5.6,2400.0
falcons,DST,26,,,,DST26,5.6,2700.0
texans,DST,28,,,,DST28,5.3,2500.0
vikings,DST,29,,,,DST29,5.0,2800.0
cardinals,DST,31,,,,DST31,4.9,2300.0
bears,DST,32,,,,DST32,4.5,2200.0
