Unnamed: 0_level_0_Rank,Player,PASSING_CMP,PASSING_ATT,PASSING_PCT,PASSING_YDS,PASSING_Y/A,PASSING_TD,PASSING_INT,PASSING_SACKS,RUSHING_ATT,RUSHING_YDS,RUSHING_TD,MISC_FL,MISC_G,MISC_FPTS,MISC_FPTS/G,MISC_ROST,Position_,RUSHING_Y/A,RUSHING_LG,RUSHING_20+,RECEIVING_REC,RECEIVING_TGT,RECEIVING_YDS,RECEIVING_Y/R,RECEIVING_TD,RECEIVING_LG,RECEIVING_20+
1,joshallen,385.0,579.0,66.5,4306.0,7.4,29.0,18.0,24.0,111,524,15,4,17,410.9,24.2,99.9%,QB,,,,,,,,,,
2,jalenhurts,352.0,538.0,65.4,3858.0,7.2,23.0,15.0,36.0,157,605,15,5,17,371.9,21.9,99.9%,QB,,,,,,,,,,
3,dakprescott,410.0,590.0,69.5,4516.0,7.7,36.0,9.0,39.0,55,242,2,2,17,352.0,20.7,96.4%,QB,,,,,,,,,,
4,lamarjackson,307.0,457.0,67.2,3678.0,8.0,24.0,7.0,37.0,148,821,5,6,16,338.2,21.1,99.3%,QB,,,,,,,,,,
5,jordanlove,372.0,579.0,64.2,4159.0,7.2,32.0,11.0,30.0,50,247,4,3,17,330.1,19.4,86.1%,QB,,,,,,,,,,
6,brockpurdy,308.0,444.0,69.4,4280.0,9.6,31.0,11.0,28.0,39,144,2,2,16,306.6,19.2,92.2%,QB,,,,,,,,,,
7,jaredgoff,407.0,605.0,67.3,4575.0,7.6,30.0,12.0,30.0,32,21,2,3,17,302.9,17.8,70.7%,QB,,,,,,,,,,
8,patrickmahomesii,401.0,597.0,67.2,4183.0,7.0,27.0,14.0,27.0,75,389,0,3,16,294.1,18.4,99.4%,QB,,,,,,,,,,
9,tuatagovailoa,388.0,560.0,69.3,4624.0,8.3,29.0,14.0,29.0,35,74,0,5,17,284.4,16.7,79.8%,QB,,,,,,,,,,
10,bakermayfield,364.0,566.0,64.3,4044.0,7.1,28.0,10.0,40.0,62,163,1,3,17,284.0,16.7,43.8%,QB,,,,,,,,,,
11,c.j.stroud,319.0,499.0,63.9,4108.0,8.2,23.0,5.0,38.0,39,167,3,4,15,280.1,18.7,92.9%,QB,,,,,,,,,,
12,samhowell,388.0,612.0,63.4,3946.0,6.4,21.0,21.0,65.0,48,263,5,2,17,277.6,16.3,29.0%,QB,,,,,,,,,,
13,trevorlawrence,370.0,564.0,65.6,4016.0,7.1,21.0,14.0,35.0,70,339,4,7,16,276.6,17.3,69.8%,QB,,,,,,,,,,
14,russellwilson,297.0,447.0,66.4,3070.0,6.9,26.0,8.0,45.0,80,341,3,5,15,264.9,17.7,30.7%,QB,,,,,,,,,,
15,matthewstafford,326.0,521.0,62.6,3965.0,7.6,24.0,11.0,30.0,21,65,0,0,15,254.3,17.0,57.0%,QB,,,,,,,,,,
16,derekcarr,375.0,548.0,68.4,3878.0,7.1,25.0,8.0,31.0,32,40,0,3,17,249.1,14.7,25.1%,QB,,,,,,,,,,
17,justinherbert,297.0,456.0,65.1,3134.0,6.9,20.0,7.0,29.0,52,228,3,1,13,240.2,18.5,63.7%,QB,,,,,,,,,,
18,justinfields,227.0,370.0,61.4,2562.0,6.9,16.0,9.0,44.0,124,657,4,4,13,239.1,18.4,49.9%,QB,,,,,,,,,,
19,genosmith,323.0,499.0,64.7,3624.0,7.3,20.0,9.0,31.0,37,155,1,3,15,235.4,15.7,38.2%,QB,,,,,,,,,,
20,joshuadobbs,262.0,417.0,62.8,2464.0,5.9,13.0,10.0,30.0,77,421,6,7,13,210.5,16.2,11.2%,QB,,,,,,,,,,
21,gardnerminshewii,305.0,490.0,62.2,3305.0,6.7,15.0,9.0,34.0,34,100,3,5,16,205.2,12.8,16.8%,QB,,,,,,,,,,
22,desmondridder,249.0,388.0,64.2,2836.0,7.3,12.0,12.0,31.0,53,193,5,7,15,188.1,12.5,3.7%,QB,,,,,,,,,,
23,bryceyoung,315.0,527.0,59.8,2877.0,5.5,11.0,10.0,62.0,39,253,0,6,16,166.5,10.4,9.3%,QB,,,,,,,,,,
24,kirkcousins,216.0,311.0,69.5,2331.0,7.5,18.0,5.0,17.0,14,25,0,4,8,154.9,19.4,38.4%,QB,,,,,,,,,,
25,joeburrow,244.0,365.0,66.8,2309.0,6.3,15.0,6.0,24.0,31,88,0,1,10,153.2,15.3,63.4%,QB,,,,,,,,,,
26,kylermurray,176.0,268.0,65.7,1799.0,6.7,10.0,5.0,18.0,44,244,3,0,8,151.4,18.9,78.8%,QB,,,,,,,,,,
27,jakebrowning,171.0,243.0,70.4,1936.0,8.0,12.0,7.0,24.0,27,127,3,0,9,150.5,16.7,20.8%,QB,,,,,,,,,,
28,aidano'connell,213.0,343.0,62.1,2218.0,6.5,12.0,7.0,24.0,17,11,1,2,11,132.8,12.1,3.0%,QB,,,,,,,,,,
29,zachwilson,221.0,368.0,60.1,2271.0,6.2,8.0,7.0,46.0,36,211,0,7,12,126.8,10.6,2.2%,QB,,,,,,,,,,
30,macjones,224.0,345.0,64.9,2120.0,6.1,10.0,12.0,22.0,26,96,0,2,11,118.3,10.8,2.2%,QB,,,,,,,,,,
31,kennypickett,201.0,324.0,62.0,2070.0,6.4,6.0,4.0,23.0,42,54,1,0,12,114.2,9.5,6.9%,QB,,,,,,,,,,
32,joeflacco,123.0,204.0,60.3,1616.0,7.9,13.0,8.0,8.0,9,2,0,1,5,108.9,21.8,17.3%,QB,,,,,,,,,,
33,willlevis,149.0,255.0,58.4,1808.0,7.1,8.0,4.0,28.0,25,57,1,4,9,106.1,11.8,10.2%,QB,,,,,,,,,,
34,tommydevito,114.0,178.0,64.0,1101.0,6.2,8.0,3.0,37.0,36,195,1,1,10,96.5,9.7,3.1%,QB,,,,,,,,,,
35,deshaunwatson,105.0,171.0,61.4,1115.0,6.5,7.0,4.0,17.0,26,142,1,2,6,90.9,15.2,29.6%,QB,,,,,,,,,,
36,tyrodtaylor,116.0,180.0,64.4,1341.0,7.5,5.0,3.0,17.0,38,197,0,0,11,90.3,8.2,2.7%,QB,,,,,,,,,,
37,ryantannehill,149.0,230.0,64.8,1616.0,7.0,4.0,7.0,32.0,17,74,1,0,9,87.0,9.7,1.1%,QB,,,,,,,,,,
38,baileyzappe,127.0,212.0,59.9,1272.0,6.0,6.0,9.0,25.0,17,83,1,1,10,78.2,7.8,1.1%,QB,,,,,,,,,,
39,nickmullens,100.0,148.0,67.6,1306.0,8.8,7.0,8.0,12.0,10,25,0,0,5,74.6,14.9,4.1%,QB,,,,,,,,,,
40,anthonyrichardson,50.0,84.0,59.5,577.0,6.9,3.0,1.0,7.0,25,136,4,1,4,73.6,18.4,58.5%,QB,,,,,,,,,,
41,jimmygaroppolo,110.0,169.0,65.1,1205.0,7.1,7.0,9.0,14.0,20,39,0,0,7,73.1,10.4,1.7%,QB,,,,,,,,,,
42,taylorheinicke,74.0,136.0,54.4,890.0,6.5,5.0,4.0,8.0,15,124,1,0,5,70.0,14.0,3.1%,QB,,,,,,,,,,
43,eastonstick,111.0,174.0,63.8,1129.0,6.5,3.0,1.0,14.0,27,144,1,4,5,68.1,13.6,1.6%,QB,,,,,,,,,,
44,danieljones,108.0,160.0,67.5,909.0,5.7,2.0,6.0,30.0,40,206,1,1,6,63.0,10.5,10.7%,QB,,,,,,,,,,
45,tysonbagent,94.0,143.0,65.7,859.0,6.0,3.0,6.0,5.0,23,109,2,2,5,59.3,11.9,0.7%,QB,,,,,,,,,,
46,mitchelltrubisky,67.0,107.0,62.6,632.0,5.9,4.0,5.0,7.0,16,54,2,1,5,53.7,10.7,1.1%,QB,,,,,,,,,,
47,masonrudolph,55.0,74.0,74.3,719.0,9.7,3.0,0.0,6.0,10,8,0,1,4,39.6,9.9,1.6%,QB,,,,,,,,,,
48,drewlock,48.0,76.0,63.2,543.0,7.1,3.0,3.0,6.0,5,14,0,0,4,32.1,8.0,1.7%,QB,,,,,,,,,,
49,trevorsiemian,86.0,153.0,56.2,724.0,4.7,2.0,4.0,8.0,11,40,0,3,5,30.9,6.2,0.0%,QB,,,,,,,,,,
50,jarrettstidham,40.0,66.0,60.6,496.0,7.5,2.0,1.0,7.0,9,8,0,0,3,27.7,9.2,2.7%,QB,,,,,,,,,,
51,carsonwentz,17.0,24.0,70.8,163.0,6.8,2.0,1.0,2.0,17,56,1,0,2,27.1,13.6,0.7%,QB,,,,,,,,,,
52,dorianthompson-robinson,60.0,112.0,53.6,440.0,3.9,1.0,4.0,6.0,14,65,0,0,8,26.1,3.3,0.6%,QB,,,,,,,,,,
53,tylerhuntley,21.0,37.0,56.8,203.0,5.5,3.0,0.0,4.0,15,55,0,0,5,25.6,5.1,0.6%,QB,,,,,,,,,,
54,p.j.walker,54.0,111.0,48.6,674.0,6.1,1.0,5.0,11.0,13,30,0,2,6,24.9,4.2,0.0%,QB,,,,,,,,,,
55,samdarnold,28.0,46.0,60.9,297.0,6.5,2.0,1.0,6.0,21,15,1,1,10,24.3,2.4,1.1%,QB,,,,,,,,,,
56,andydalton,34.0,58.0,58.6,361.0,6.2,2.0,0.0,3.0,3,12,0,0,3,23.6,7.9,0.1%,QB,,,,,,,,,,
57,jacobybrissett,18.0,23.0,78.3,224.0,9.7,3.0,0.0,0.0,3,19,0,0,3,22.9,7.6,1.3%,QB,,,,,,,,,,
58,c.j.beathard,40.0,53.0,75.5,349.0,6.6,1.0,0.0,6.0,8,35,0,0,8,21.5,2.7,1.0%,QB,,,,,,,,,,
59,davismills,18.0,39.0,46.2,173.0,4.4,2.0,0.0,2.0,2,9,0,0,6,17.9,3.0,0.1%,QB,,,,,,,,,,
60,jeffdriskel,13.0,26.0,50.0,166.0,6.4,2.0,2.0,3.0,7,33,0,0,1,15.9,15.9,0.0%,QB,,,,,,,,,,
61,timboyle,48.0,77.0,62.3,360.0,4.7,1.0,4.0,9.0,4,5,0,0,3,14.9,5.0,0.0%,QB,,,,,,,,,,
62,jameiswinston,25.0,47.0,53.2,264.0,5.6,2.0,3.0,2.0,5,-6,0,0,7,14.9,2.1,0.7%,QB,,,,,,,,,,
63,casekeenum,34.0,53.0,64.2,291.0,5.5,1.0,3.0,6.0,2,1,0,0,2,12.8,6.4,0.6%,QB,,,,,,,,,,
64,marcusmariota,15.0,23.0,65.2,164.0,7.1,1.0,1.0,3.0,8,52,0,1,3,12.7,4.2,3.2%,QB,,,,,,,,,,
65,claytontune,12.0,21.0,57.1,62.0,3.0,0.0,2.0,7.0,8,30,1,1,8,9.5,1.2,0.0%,QB,,,,,,,,,,
66,blainegabbert,18.0,35.0,51.4,185.0,5.3,0.0,3.0,1.0,7,45,0,0,2,8.9,4.5,0.0%,QB,,,,,,,,,,
67,brianhoyer,23.0,42.0,54.8,231.0,5.5,0.0,2.0,1.0,3,-3,0,0,3,7.0,2.3,0.0%,QB,,,,,,,,,,
68,brettrypien,18.0,38.0,47.4,172.0,4.5,0.0,1.0,2.0,3,19,0,1,2,5.8,2.9,0.0%,QB,,,,,,,,,,
69,cooperrush,18.0,24.0,75.0,144.0,6.0,0.0,1.0,1.0,12,-5,0,0,8,4.2,0.5,0.2%,QB,,,,,,,,,,
70,malikwillis,4.0,5.0,80.0,74.0,14.8,0.0,0.0,4.0,5,21,0,1,3,3.1,1.0,0.1%,QB,,,,,,,,,,
71,jarenhall,13.0,20.0,65.0,168.0,8.4,0.0,1.0,4.0,6,14,0,2,3,3.1,1.0,1.6%,QB,,,,,,,,,,
72,mikewhite,5.0,6.0,83.3,74.0,12.3,1.0,1.0,0.0,8,-9,0,1,6,3.1,0.5,0.2%,QB,,,,,,,,,,
73,seanclifford,1.0,1.0,100.0,37.0,37.0,0.0,0.0,0.0,3,-2,0,0,2,1.3,0.7,0.2%,QB,,,,,,,,,,
74,ajmccarron,4.0,5.0,80.0,19.0,3.8,0.0,0.0,1.0,0,0,0,0,2,0.8,0.4,0.0%,QB,,,,,,,,,,
75,loganwoodside,3.0,4.0,75.0,27.0,6.8,0.0,1.0,1.0,1,6,0,0,1,0.7,0.7,0.0%,QB,,,,,,,,,,
76,jaydendaniels,0.0,0.0,0.0,0.0,0.0,0.0,0.0,0.0,0,0,0,0,0,0.0,0.0,78.5%,QB,,,,,,,,,,
77,bonix,0.0,0.0,0.0,0.0,0.0,0.0,0.0,0.0,0,0,0,0,0,0.0,0.0,4.2%,QB,,,,,,,,,,
78,aaronrodgers,0.0,1.0,0.0,0.0,0.0,0.0,0.0,1.0,0,0,0,0,1,0.0,0.0,50.0%,QB,,,,,,,,,,
79,treylance,0.0,0.0,0.0,0.0,0.0,0.0,0.0,0.0,0,0,0,0,0,0.0,0.0,0.8%,QB,,,,,,,,,,
80,ianbook,0.0,0.0,0.0,0.0,0.0,0.0,0.0,0.0,0,0,0,0,0,0.0,0.0,0.1%,QB,,,,,,,,,,
81,samehlinger,0.0,0.0,0.0,0.0,0.0,0.0,0.0,0.0,0,0,0,0,1,0.0,0.0,0.1%,QB,,,,,,,,,,
82,michaelpratt,0.0,0.0,0.0,0.0,0.0,0.0,0.0,0.0,0,0,0,0,0,0.0,0.0,0.1%,QB,,,,,,,,,,
83,tannermordecai,0.0,0.0,0.0,0.0,0.0,0.0,0.0,0.0,0,0,0,0,0,0.0,0.0,0.0%,QB,,,,,,,,,,
84,nathanrourke,0.0,0.0,0.0,0.0,0.0,0.0,0.0,0.0,0,0,0,0,0,0.0,0.0,0.0%,QB,,,,,,,,,,
85,jordantravis,0.0,0.0,0.0,0.0,0.0,0.0,0.0,0.0,0,0,0,0,0,0.0,0.0,0.3%,QB,,,,,,,,,,
86,dresserwinn,0.0,0.0,0.0,0.0,0.0,0.0,0.0,0.0,0,0,0,0,0,0.0,0.0,0.0%,QB,,,,,,,,,,
87,tannermckee,0.0,0.0,0.0,0.0,0.0,0.0,0.0,0.0,0,0,0,0,0,0.0,0.0,0.0%,QB,,,,,,,,,,
88,chrisoladokun,0.0,0.0,0.0,0.0,0.0,0.0,0.0,0.0,0,0,0,0,2,0.0,0.0,0.0%,QB,,,,,,,,,,
89,devinleary,0.0,0.0,0.0,0.0,0.0,0.0,0.0,0.0,0,0,0,0,0,0.0,0.0,0.0%,QB,,,,,,,,,,
90,jakehaener,0.0,0.0,0.0,0.0,0.0,0.0,0.0,0.0,0,0,0,0,0,0.0,0.0,0.0%,QB,,,,,,,,,,
91,rockylombardi,0.0,0.0,0.0,0.0,0.0,0.0,0.0,0.0,0,0,0,0,0,0.0,0.0,0.0%,QB,,,,,,,,,,
92,johnrhysplumlee,0.0,0.0,0.0,0.0,0.0,0.0,0.0,0.0,0,0,0,0,0,0.0,0.0,0.0%,QB,,,,,,,,,,
93,caseybauman,0.0,0.0,0.0,0.0,0.0,0.0,0.0,0.0,0,0,0,0,0,0.0,0.0,0.0%,QB,,,,,,,,,,
94,gunnarwatson,0.0,0.0,0.0,0.0,0.0,0.0,0.0,0.0,0,0,0,0,0,0.0,0.0,0.0%,QB,,,,,,,,,,
95,zackannexstad,0.0,0.0,0.0,0.0,0.0,0.0,0.0,0.0,0,0,0,0,0,0.0,0.0,0.0%,QB,,,,,,,,,,
96,johnpaddock,0.0,0.0,0.0,0.0,0.0,0.0,0.0,0.0,0,0,0,0,0,0.0,0.0,0.0%,QB,,,,,,,,,,
97,jackplummer,0.0,0.0,0.0,0.0,0.0,0.0,0.0,0.0,0,0,0,0,0,0.0,0.0,0.0%,QB,,,,,,,,,,
98,andrewpeasley,0.0,0.0,0.0,0.0,0.0,0.0,0.0,0.0,0,0,0,0,0,0.0,0.0,0.0%,QB,,,,,,,,,,
99,cadepeterson,0.0,0.0,0.0,0.0,0.0,0.0,0.0,0.0,0,0,0,0,0,0.0,0.0,0.0%,QB,,,,,,,,,,
100,wiliamthompson,0.0,0.0,0.0,0.0,0.0,0.0,0.0,0.0,0,0,0,0,0,0.0,0.0,0.0%,QB,,,,,,,,,,
101,jeremymoussa,0.0,0.0,0.0,0.0,0.0,0.0,0.0,0.0,0,0,0,0,0,0.0,0.0,0.0%,QB,,,,,,,,,,
102,aeneasdennis,0.0,0.0,0.0,0.0,0.0,0.0,0.0,0.0,0,0,0,0,0,0.0,0.0,0.0%,QB,,,,,,,,,,
103,jasonbean,0.0,0.0,0.0,0.0,0.0,0.0,0.0,0.0,0,0,0,0,0,0.0,0.0,0.0%,QB,,,,,,,,,,
104,joemiltoniii,0.0,0.0,0.0,0.0,0.0,0.0,0.0,0.0,0,0,0,0,0,0.0,0.0,0.2%,QB,,,,,,,,,,
105,carterbradley,0.0,0.0,0.0,0.0,0.0,0.0,0.0,0.0,0,0,0,0,0,0.0,0.0,0.0%,QB,,,,,,,,,,
106,gavinhardison,0.0,0.0,0.0,0.0,0.0,0.0,0.0,0.0,0,0,0,0,0,0.0,0.0,0.0%,QB,,,,,,,,,,
107,austinreed,0.0,0.0,0.0,0.0,0.0,0.0,0.0,0.0,0,0,0,0,0,0.0,0.0,0.0%,QB,,,,,,,,,,
108,spencerrattler,0.0,0.0,0.0,0.0,0.0,0.0,0.0,0.0,0,0,0,0,0,0.0,0.0,0.5%,QB,,,,,,,,,,
109,calebwilliams,0.0,0.0,0.0,0.0,0.0,0.0,0.0,0.0,0,0,0,0,0,0.0,0.0,81.3%,QB,,,,,,,,,,
110,maxduggan,0.0,0.0,0.0,0.0,0.0,0.0,0.0,0.0,0,0,0,0,1,0.0,0.0,0.0%,QB,,,,,,,,,,
111,drakemaye,0.0,0.0,0.0,0.0,0.0,0.0,0.0,0.0,0,0,0,0,0,0.0,0.0,6.4%,QB,,,,,,,,,,
112,kedonslovis,0.0,0.0,0.0,0.0,0.0,0.0,0.0,0.0,0,0,0,0,0,0.0,0.0,0.0%,QB,,,,,,,,,,
113,malikcunningham,0.0,0.0,0.0,0.0,0.0,0.0,0.0,1.0,0,0,0,0,2,0.0,0.0,0.1%,QB,,,,,,,,,,
114,emoryjones,0.0,0.0,0.0,0.0,0.0,0.0,0.0,0.0,0,0,0,0,0,0.0,0.0,0.0%,QB,,,,,,,,,,
115,michaelpenixjr.,0.0,0.0,0.0,0.0,0.0,0.0,0.0,0.0,0,0,0,0,0,0.0,0.0,1.8%,QB,,,,,,,,,,
116,tauliatagovailoa,0.0,0.0,0.0,0.0,0.0,0.0,0.0,0.0,0,0,0,0,0,0.0,0.0,0.0%,QB,,,,,,,,,,
117,j.j.mccarthy,0.0,0.0,0.0,0.0,0.0,0.0,0.0,0.0,0,0,0,0,0,0.0,0.0,17.0%,QB,,,,,,,,,,
118,hendonhooker,0.0,0.0,0.0,0.0,0.0,0.0,0.0,0.0,0,0,0,0,0,0.0,0.0,0.5%,QB,,,,,,,,,,
119,samhartman,0.0,0.0,0.0,0.0,0.0,0.0,0.0,0.0,0,0,0,0,0,0.0,0.0,0.0%,QB,,,,,,,,,,
120,skylarthompson,0.0,0.0,0.0,0.0,0.0,0.0,0.0,0.0,0,0,0,0,1,0.0,0.0,0.1%,QB,,,,,,,,,,
121,stetsonbennett,0.0,0.0,0.0,0.0,0.0,0.0,0.0,0.0,0,0,0,0,0,0.0,0.0,0.2%,QB,,,,,,,,,,
122,anthonybrownjr.,0.0,0.0,0.0,0.0,0.0,0.0,0.0,0.0,0,0,0,0,0,0.0,0.0,0.0%,QB,,,,,,,,,,
123,benchappell,0.0,0.0,0.0,0.0,0.0,0.0,0.0,0.0,0,0,0,0,0,0.0,0.0,0.0%,QB,,,,,,,,,,
124,adamfroman,0.0,0.0,0.0,0.0,0.0,0.0,0.0,0.0,0,0,0,0,0,0.0,0.0,0.0%,QB,,,,,,,,,,
125,erikainge,0.0,0.0,0.0,0.0,0.0,0.0,0.0,0.0,0,0,0,0,0,0.0,0.0,0.0%,QB,,,,,,,,,,
126,huntercantwell,0.0,0.0,0.0,0.0,0.0,0.0,0.0,0.0,0,0,0,0,0,0.0,0.0,0.0%,QB,,,,,,,,,,
127,joshjohnson,0.0,0.0,0.0,0.0,0.0,0.0,0.0,0.0,0,0,0,0,0,0.0,0.0,0.1%,QB,,,,,,,,,,
128,alexmcgough,0.0,0.0,0.0,0.0,0.0,0.0,0.0,0.0,0,0,0,0,0,0.0,0.0,0.0%,QB,,,,,,,,,,
129,taysomhill,6.0,11.0,54.5,83.0,7.5,1.0,0.0,2.0,81,401,4,1,16,0.0,0.0,36.4%,QB,,,,,,,,,,
130,jacobeason,0.0,0.0,0.0,0.0,0.0,0.0,0.0,0.0,0,0,0,0,2,0.0,0.0,0.0%,QB,,,,,,,,,,
131,shanebuechele,0.0,0.0,0.0,0.0,0.0,0.0,0.0,0.0,0,0,0,0,0,0.0,0.0,0.0%,QB,,,,,,,,,,
132,johnwolford,0.0,0.0,0.0,0.0,0.0,0.0,0.0,0.0,0,0,0,0,0,0.0,0.0,0.0%,QB,,,,,,,,,,
133,willgrier,0.0,0.0,0.0,0.0,0.0,0.0,0.0,0.0,0,0,0,0,0,0.0,0.0,0.0%,QB,,,,,,,,,,
134,brettsmith,0.0,0.0,0.0,0.0,0.0,0.0,0.0,0.0,0,0,0,0,0,0.0,0.0,0.0%,QB,,,,,,,,,,
135,brandonallen,0.0,0.0,0.0,0.0,0.0,0.0,0.0,0.0,0,0,0,0,0,0.0,0.0,0.0%,QB,,,,,,,,,,
136,natesudfeld,0.0,0.0,0.0,0.0,0.0,0.0,0.0,0.0,0,0,0,0,0,0.0,0.0,0.0%,QB,,,,,,,,,,
137,michaelhiers,0.0,0.0,0.0,0.0,0.0,0.0,0.0,0.0,0,0,0,0,0,0.0,0.0,0.0%,QB,,,,,,,,,,
138,kyletrask,0.0,1.0,0.0,0.0,0.0,0.0,0.0,0.0,1,-1,0,0,2,-0.1,-0.1,0.2%,QB,,,,,,,,,,
139,teddybridgewater,0.0,0.0,0.0,0.0,0.0,0.0,0.0,0.0,2,-2,0,0,1,-0.2,-0.2,0.1%,QB,,,,,,,,,,
140,mattbarkley,0.0,0.0,0.0,0.0,0.0,0.0,0.0,0.0,3,-3,0,0,1,-0.3,-0.3,0.0%,QB,,,,,,,,,,
141,nathanpeterman,0.0,0.0,0.0,0.0,0.0,0.0,0.0,1.0,2,-4,0,0,2,-0.4,-0.2,0.1%,QB,,,,,,,,,,
142,kyleallen,0.0,0.0,0.0,0.0,0.0,0.0,0.0,0.0,13,-13,0,0,7,-1.3,-0.2,0.0%,QB,,,,,,,,,,
1,christianmccaffrey,,,,,,,,,272,1459,14,2,16,324.3,20.3,100.0%,RB,5.4,72.0,9.0,67.0,83.0,564.0,8.4,7.0,,
2,raheemmostert,,,,,,,,,209,1012,18,1,15,242.7,16.2,91.6%,RB,4.8,49.0,7.0,25.0,32.0,175.0,7.0,3.0,,
3,travisetiennejr.,,,,,,,,,267,1008,11,0,17,224.4,13.2,99.7%,RB,3.8,62.0,6.0,58.0,73.0,476.0,8.2,1.0,,
4,kyrenwilliams,,,,,,,,,228,1144,12,2,12,223.0,18.6,96.3%,RB,5.0,56.0,7.0,32.0,48.0,206.0,6.4,3.0,,
5,derrickhenry,,,,,,,,,280,1167,12,0,17,218.7,12.9,99.4%,RB,4.2,69.0,5.0,28.0,36.0,214.0,7.6,0.0,,
6,joemixon,,,,,,,,,257,1034,9,0,17,215.0,12.6,99.1%,RB,4.0,44.0,3.0,52.0,64.0,376.0,7.2,3.0,,
7,breecehall,,,,,,,,,223,994,5,0,17,214.5,12.6,98.9%,RB,4.5,83.0,7.0,76.0,95.0,591.0,7.8,4.0,,
8,rachaadwhite,,,,,,,,,272,990,6,2,17,203.9,12.0,97.5%,RB,3.6,38.0,3.0,64.0,70.0,549.0,8.6,3.0,,
9,davidmontgomery,,,,,,,,,219,1015,13,1,14,191.2,13.7,93.3%,RB,4.6,75.0,4.0,16.0,24.0,117.0,7.3,0.0,,
10,jahmyrgibbs,,,,,,,,,182,945,10,1,15,190.1,12.7,99.3%,RB,5.2,36.0,10.0,52.0,71.0,316.0,6.1,1.0,,
11,jamescook,,,,,,,,,237,1122,2,2,17,188.7,11.1,97.8%,RB,4.7,42.0,6.0,44.0,54.0,445.0,10.1,4.0,,
12,bijanrobinson,,,,,,,,,214,976,4,3,17,188.3,11.1,99.9%,RB,4.6,38.0,7.0,58.0,86.0,487.0,8.4,4.0,,
13,saquonbarkley,,,,,,,,,247,962,6,2,14,182.2,13.0,100.0%,RB,3.9,36.0,7.0,41.0,60.0,280.0,6.8,4.0,,
14,gusedwards,,,,,,,,,198,810,13,2,17,175.0,10.3,80.8%,RB,4.1,42.0,6.0,12.0,13.0,180.0,15.0,0.0,,
15,jamesconner,,,,,,,,,208,1040,7,0,13,174.5,13.4,91.7%,RB,5.0,44.0,11.0,27.0,33.0,165.0,6.1,2.0,,
16,kennethwalkeriii,,,,,,,,,219,905,8,0,15,170.4,11.4,97.1%,RB,4.1,45.0,7.0,29.0,37.0,259.0,8.9,1.0,,
17,isiahpacheco,,,,,,,,,205,935,7,1,14,169.9,12.1,97.8%,RB,4.6,48.0,6.0,44.0,49.0,244.0,5.5,2.0,,
18,tonypollard,,,,,,,,,252,1005,6,1,17,167.6,9.9,93.4%,RB,4.0,31.0,6.0,55.0,67.0,311.0,5.7,0.0,,
19,jeromeford,,,,,,,,,204,813,4,1,17,167.2,9.8,80.6%,RB,4.0,69.0,5.0,44.0,63.0,319.0,7.3,5.0,,
20,najeeharris,,,,,,,,,255,1035,8,1,17,166.5,9.8,91.5%,RB,4.1,25.0,8.0,29.0,38.0,170.0,5.9,0.0,,
21,de'vonachane,,,,,,,,,103,800,8,1,11,163.7,14.9,95.7%,RB,7.8,76.0,8.0,27.0,37.0,197.0,7.3,3.0,,
22,brianrobinsonjr.,,,,,,,,,178,733,5,2,15,162.1,10.8,86.2%,RB,4.1,29.0,4.0,36.0,43.0,368.0,10.2,4.0,,
23,d'andreswift,,,,,,,,,229,1049,5,1,16,160.3,10.0,93.9%,RB,4.6,43.0,6.0,39.0,49.0,214.0,5.5,1.0,,
24,alvinkamara,,,,,,,,,180,694,5,0,13,158.0,12.2,98.2%,RB,3.9,17.0,0.0,75.0,86.0,466.0,6.2,1.0,,
25,joshjacobs,,,,,,,,,233,805,6,1,13,144.1,11.1,97.3%,RB,3.5,63.0,3.0,37.0,54.0,296.0,8.0,0.0,,
26,chubahubbard,,,,,,,,,238,902,5,0,17,143.5,8.4,50.1%,RB,3.8,22.0,4.0,39.0,44.0,233.0,6.0,0.0,,
27,zackmoss,,,,,,,,,183,794,5,0,14,142.6,10.2,75.1%,RB,4.3,56.0,6.0,27.0,37.0,192.0,7.1,2.0,,
28,jonathantaylor,,,,,,,,,169,741,7,0,10,137.4,13.7,98.8%,RB,4.4,49.0,4.0,19.0,23.0,153.0,8.1,1.0,,
29,devinsingletary,,,,,,,,,216,898,4,0,17,137.3,8.1,83.9%,RB,4.2,24.0,3.0,30.0,38.0,193.0,6.4,0.0,,
30,jaylenwarren,,,,,,,,,149,784,4,2,17,135.4,8.0,84.8%,RB,5.3,74.0,6.0,61.0,74.0,370.0,6.1,0.0,,
31,austinekeler,,,,,,,,,179,628,5,4,14,134.4,9.6,93.2%,RB,3.5,55.0,3.0,51.0,74.0,436.0,8.5,1.0,,
32,javontewilliams,,,,,,,,,217,774,3,1,16,132.2,8.3,89.3%,RB,3.6,21.0,2.0,47.0,58.0,228.0,4.9,2.0,,
33,ezekielelliott,,,,,,,,,184,642,3,1,17,123.5,7.3,79.3%,RB,3.5,17.0,0.0,51.0,65.0,313.0,6.1,2.0,,
34,tylerallgeier,,,,,,,,,186,683,4,0,17,119.6,7.0,49.8%,RB,3.7,31.0,2.0,18.0,23.0,193.0,10.7,1.0,,
35,rhamondrestevenson,,,,,,,,,156,619,4,1,12,107.7,9.0,84.8%,RB,4.0,64.0,1.0,38.0,51.0,238.0,6.3,0.0,,
36,aaronjones,,,,,,,,,142,656,2,1,11,104.9,9.5,93.6%,RB,4.6,39.0,3.0,30.0,43.0,233.0,7.8,1.0,,
37,kareemhunt,,,,,,,,,135,411,9,0,15,103.5,6.9,27.3%,RB,3.0,16.0,0.0,15.0,21.0,84.0,5.6,0.0,,
38,alexandermattison,,,,,,,,,180,700,0,2,16,103.2,6.5,41.4%,RB,3.9,21.0,1.0,30.0,44.0,192.0,6.4,3.0,,
39,tyjaespears,,,,,,,,,100,453,2,0,17,101.8,6.0,64.7%,RB,4.5,23.0,3.0,52.0,70.0,385.0,7.4,1.0,,
40,ajdillon,,,,,,,,,178,613,2,0,15,95.6,6.4,35.0%,RB,3.4,40.0,1.0,22.0,28.0,223.0,10.1,0.0,,
41,khalilherbert,,,,,,,,,132,611,2,1,12,92.5,7.7,29.4%,RB,4.6,38.0,5.0,20.0,31.0,134.0,6.7,1.0,,
42,justicehill,,,,,,,,,84,387,3,1,16,81.3,5.1,10.1%,RB,4.6,41.0,2.0,28.0,39.0,206.0,7.4,1.0,,
43,d'ontaforeman,,,,,,,,,109,425,4,0,9,80.2,8.9,19.4%,RB,3.9,22.0,1.0,11.0,16.0,77.0,7.0,1.0,,
44,tychandler,,,,,,,,,102,461,3,0,16,80.0,5.0,59.9%,RB,4.5,31.0,3.0,21.0,25.0,159.0,7.6,0.0,,
45,antoniogibson,,,,,,,,,65,265,1,2,16,79.4,5.0,53.8%,RB,4.1,16.0,0.0,48.0,59.0,389.0,8.1,2.0,,
46,jaleelmclaughlin,,,,,,,,,76,410,1,0,17,75.0,4.4,10.2%,RB,5.4,38.0,4.0,31.0,36.0,160.0,5.2,2.0,,
47,ricodowdle,,,,,,,,,89,361,2,0,16,74.5,4.7,10.6%,RB,4.1,21.0,2.0,17.0,22.0,144.0,8.5,2.0,,
48,zachcharbonnet,,,,,,,,,108,462,1,0,16,73.1,4.6,63.5%,RB,4.3,23.0,4.0,33.0,40.0,209.0,6.3,0.0,,
49,samajeperine,,,,,,,,,53,238,1,2,17,71.3,4.2,12.7%,RB,4.5,24.0,1.0,50.0,56.0,455.0,9.1,0.0,,
50,dameonpierce,,,,,,,,,145,416,2,0,14,69.7,5.0,27.9%,RB,2.9,22.0,1.0,13.0,17.0,101.0,7.8,0.0,,
51,roschonjohnson,,,,,,,,,81,352,2,0,15,68.1,4.5,14.0%,RB,4.3,29.0,2.0,34.0,40.0,209.0,6.1,0.0,,
52,kennethgainwell,,,,,,,,,84,364,2,1,16,67.4,4.2,14.8%,RB,4.3,32.0,3.0,30.0,37.0,183.0,6.1,0.0,,
53,lataviusmurray,,,,,,,,,79,300,4,0,16,65.9,4.1,7.6%,RB,3.8,29.0,2.0,17.0,22.0,119.0,7.0,0.0,,
54,keatonmitchell,,,,,,,,,47,396,2,0,7,60.9,8.7,17.4%,RB,8.4,60.0,7.0,9.0,11.0,93.0,10.3,0.0,,
55,milessanders,,,,,,,,,129,432,1,2,16,60.6,3.8,23.0%,RB,3.3,48.0,1.0,27.0,41.0,154.0,5.7,0.0,,
56,jerickmckinnon,,,,,,,,,21,60,1,0,12,59.4,5.0,16.2%,RB,2.9,10.0,0.0,25.0,32.0,192.0,7.7,4.0,,
57,zamirwhite,,,,,,,,,104,451,1,1,15,58.9,3.9,74.3%,RB,4.3,43.0,2.0,15.0,19.0,98.0,6.5,0.0,,
58,joshuakelley,,,,,,,,,107,405,2,1,17,53.7,3.2,6.6%,RB,3.8,49.0,2.0,8.0,12.0,32.0,4.0,0.0,,
59,clydeedwards-helaire,,,,,,,,,70,223,1,0,15,53.1,3.5,23.7%,RB,3.2,20.0,1.0,17.0,22.0,188.0,11.1,1.0,,
60,emaridemercado,,,,,,,,,58,284,2,0,14,52.3,3.7,2.2%,RB,4.9,49.0,1.0,21.0,30.0,119.0,5.7,0.0,,
61,roycefreeman,,,,,,,,,77,319,2,0,11,45.2,4.1,3.2%,RB,4.1,23.0,1.0,1.0,2.0,13.0,13.0,0.0,,
62,jamaalwilliams,,,,,,,,,106,306,1,0,13,42.8,3.3,10.3%,RB,2.9,17.0,0.0,18.0,20.0,62.0,3.4,0.0,,
63,jordanmason,,,,,,,,,40,206,3,0,16,41.7,2.6,2.2%,RB,5.2,26.0,1.0,3.0,4.0,31.0,10.3,0.0,,
64,elijahmitchell,,,,,,,,,75,281,2,0,11,41.5,3.8,8.9%,RB,3.7,18.0,0.0,6.0,8.0,14.0,2.3,0.0,,
65,chasebrown,,,,,,,,,44,179,0,0,12,39.5,3.3,38.2%,RB,4.1,31.0,2.0,14.0,15.0,156.0,11.1,1.0,,
66,pierrestrongjr.,,,,,,,,,63,291,1,1,17,37.8,2.2,0.6%,RB,4.6,40.0,2.0,5.0,8.0,47.0,9.4,0.0,,
67,chrisrodriguezjr.,,,,,,,,,51,247,2,1,11,35.9,3.3,1.2%,RB,4.8,16.0,0.0,2.0,2.0,12.0,6.0,0.0,,
68,camakers,,,,,,,,,60,167,2,0,7,35.7,5.1,9.2%,RB,2.8,19.0,0.0,11.0,12.0,70.0,6.4,0.0,,
69,michaelcarter,,,,,,,,,30,187,0,0,15,34.8,2.3,1.3%,RB,6.2,21.0,1.0,24.0,31.0,101.0,4.2,1.0,,
70,darrellhendersonjr.,,,,,,,,,46,112,2,0,4,33.5,8.4,2.6%,RB,2.4,16.0,0.0,10.0,14.0,103.0,10.3,0.0,,
71,kendremiller,,,,,,,,,41,156,1,0,8,33.3,4.2,12.0%,RB,3.8,18.0,0.0,10.0,11.0,117.0,11.7,0.0,,
72,mattbreida,,,,,,,,,55,151,1,0,17,29.9,1.8,1.1%,RB,2.7,9.0,0.0,17.0,21.0,88.0,5.2,0.0,,
73,cordarrellepatterson,,,,,,,,,50,181,0,0,14,27.9,2.0,1.4%,RB,3.6,18.0,0.0,9.0,12.0,38.0,4.2,1.0,,
74,jeffwilsonjr.,,,,,,,,,41,188,0,0,10,27.3,2.7,6.8%,RB,4.6,15.0,0.0,14.0,17.0,85.0,6.1,0.0,,
75,salvonahmed,,,,,,,,,22,61,1,0,9,26.9,3.0,0.6%,RB,2.8,10.0,0.0,16.0,23.0,88.0,5.5,1.0,,
76,chaseedmonds,,,,,,,,,49,176,0,0,13,25.7,2.0,0.8%,RB,3.6,21.0,1.0,14.0,17.0,81.0,5.8,0.0,,
77,tyjohnson,,,,,,,,,30,132,0,0,9,25.4,2.8,0.6%,RB,4.4,13.0,0.0,7.0,7.0,62.0,8.9,1.0,,
78,dalvincook,,,,,,,,,67,214,0,2,15,25.2,1.7,9.4%,RB,3.2,14.0,0.0,15.0,20.0,78.0,5.2,0.0,,
79,tonyjonesjr.,,,,,,,,,26,95,2,0,7,25.2,3.6,0.0%,RB,3.7,19.0,0.0,7.0,10.0,37.0,5.3,0.0,,
80,d'ernestjohnson,,,,,,,,,41,108,0,0,17,24.8,1.5,2.7%,RB,2.6,19.0,0.0,10.0,12.0,140.0,14.0,0.0,,
81,craigreynolds,,,,,,,,,41,179,1,2,15,24.6,1.6,0.7%,RB,4.4,19.0,0.0,5.0,5.0,47.0,9.4,0.0,,
82,kylejuszczyk,,,,,,,,,5,6,0,0,17,24.5,1.4,0.9%,RB,1.2,3.0,0.0,14.0,17.0,119.0,8.5,2.0,,
83,darryntonevans,,,,,,,,,32,121,1,0,6,23.0,3.8,0.1%,RB,3.8,13.0,0.0,7.0,12.0,49.0,7.0,0.0,,
84,ameerabdullah,,,,,,,,,15,89,0,0,17,22.0,1.3,0.7%,RB,5.9,12.0,0.0,19.0,24.0,131.0,6.9,0.0,,
85,tankbigsby,,,,,,,,,50,132,2,2,16,21.8,1.4,3.8%,RB,2.6,12.0,0.0,1.0,4.0,6.0,6.0,0.0,,
86,nickchubb,,,,,,,,,28,170,0,0,2,19.1,9.6,55.7%,RB,6.1,20.0,1.0,4.0,4.0,21.0,5.3,0.0,,
87,patricktaylorjr.,,,,,,,,,32,141,0,0,11,19.0,1.7,2.0%,RB,4.4,24.0,1.0,11.0,17.0,49.0,4.5,0.0,,
88,kevinharris,,,,,,,,,16,65,1,0,4,18.3,4.6,0.2%,RB,4.1,18.0,0.0,3.0,3.0,58.0,19.3,0.0,,
89,treysermon,,,,,,,,,35,160,0,0,12,17.3,1.4,0.9%,RB,4.6,27.0,1.0,3.0,6.0,13.0,4.3,0.0,,
90,damienharris,,,,,,,,,23,94,1,0,7,17.0,2.4,4.6%,RB,4.1,11.0,0.0,2.0,2.0,16.0,8.0,0.0,,
91,melvingordoniii,,,,,,,,,26,81,1,1,4,16.7,4.2,0.0%,RB,3.1,22.0,1.0,3.0,3.0,46.0,15.3,0.0,,
92,ronnierivers,,,,,,,,,32,129,0,0,9,15.1,1.7,0.6%,RB,4.0,10.0,0.0,5.0,5.0,22.0,4.4,0.0,,
93,isaiahspiller,,,,,,,,,37,96,0,0,9,13.0,1.4,0.8%,RB,2.6,8.0,0.0,6.0,6.0,34.0,5.7,0.0,,
94,tylergoodson,,,,,,,,,13,87,0,0,6,12.1,2.0,0.1%,RB,6.7,31.0,1.0,6.0,9.0,34.0,5.7,0.0,,
95,alecingold,,,,,,,,,2,0,0,0,17,11.9,0.7,0.2%,RB,0.0,0.0,0.0,13.0,16.0,119.0,9.2,0.0,,
96,bostonscott,,,,,,,,,20,86,0,1,12,11.8,1.0,0.1%,RB,4.3,18.0,0.0,4.0,6.0,52.0,13.0,0.0,,
97,patrickricard,,,,,,,,,0,0,0,0,17,11.2,0.7,0.1%,RB,0.0,0.0,0.0,5.0,7.0,52.0,10.4,1.0,,
98,brandonbolden,,,,,,,,,4,31,1,0,5,11.1,2.2,0.0%,RB,7.8,26.0,1.0,0.0,0.0,0.0,0.0,0.0,,
99,raheemblackshear,,,,,,,,,14,46,0,0,11,11.1,1.0,0.1%,RB,3.3,9.0,0.0,6.0,7.0,45.0,7.5,0.0,,
100,la'micalperine,,,,,,,,,22,77,0,0,5,11.0,2.2,0.2%,RB,3.5,10.0,0.0,3.0,5.0,33.0,11.0,0.0,,
101,emanuelwilson,,,,,,,,,14,85,0,0,7,10.8,1.5,0.1%,RB,6.1,31.0,1.0,4.0,5.0,23.0,5.8,0.0,,
102,chrisbrooks,,,,,,,,,19,106,0,0,4,10.6,2.7,0.1%,RB,5.6,52.0,2.0,0.0,0.0,0.0,0.0,0.0,,
103,keaontayingram,,,,,,,,,35,74,0,0,7,10.0,1.4,1.1%,RB,2.1,14.0,0.0,4.0,4.0,26.0,6.5,0.0,,
104,j.k.dobbins,,,,,,,,,8,22,1,0,1,9.7,9.7,44.4%,RB,2.8,4.0,0.0,2.0,3.0,15.0,7.5,0.0,,
105,hunterluepke,,,,,,,,,6,19,1,0,17,9.7,0.6,0.1%,RB,3.2,9.0,0.0,3.0,4.0,18.0,6.0,0.0,,
106,israelabanikanda,,,,,,,,,22,70,0,1,7,9.3,1.3,1.0%,RB,3.2,12.0,0.0,7.0,11.0,43.0,6.1,0.0,,
107,nickbawden,,,,,,,,,2,4,1,0,16,8.5,0.5,0.0%,RB,2.0,3.0,0.0,3.0,3.0,21.0,7.0,0.0,,
108,dareogunbowale,,,,,,,,,8,35,0,0,10,8.3,0.8,0.3%,RB,4.4,17.0,0.0,2.0,7.0,18.0,9.0,0.0,,
109,deucevaughn,,,,,,,,,23,40,0,0,7,8.0,1.1,1.4%,RB,1.7,13.0,0.0,7.0,7.0,40.0,5.7,0.0,,
110,trayveonwilliams,,,,,,,,,15,69,0,0,17,7.9,0.5,0.3%,RB,4.6,15.0,0.0,7.0,9.0,10.0,1.4,0.0,,
111,ericgray,,,,,,,,,17,48,0,0,14,7.0,0.5,0.6%,RB,2.8,12.0,0.0,6.0,7.0,22.0,3.7,0.0,,
112,garybrightwell,,,,,,,,,9,19,0,0,4,6.6,1.7,0.1%,RB,2.1,5.0,0.0,5.0,7.0,47.0,9.4,0.0,,
113,mikeboone,,,,,,,,,5,23,0,0,9,6.3,0.7,0.0%,RB,4.6,11.0,0.0,7.0,9.0,40.0,5.7,0.0,,
114,damienwilliams,,,,,,,,,11,43,0,0,3,5.5,1.8,0.0%,RB,3.9,9.0,0.0,2.0,2.0,12.0,6.0,0.0,,
115,tymontgomeryii,,,,,,,,,3,9,0,0,13,4.9,0.4,0.0%,RB,3.0,7.0,0.0,5.0,12.0,40.0,8.0,0.0,,
116,ke'shawnvaughn,,,,,,,,,24,42,0,0,5,4.4,0.9,0.1%,RB,1.8,9.0,0.0,2.0,5.0,2.0,1.0,0.0,,
117,leonardfournette,,,,,,,,,12,40,0,0,2,4.0,2.0,2.1%,RB,3.3,9.0,0.0,0.0,0.0,0.0,0.0,0.0,,
118,rashaadpenny,,,,,,,,,11,33,0,0,3,3.8,1.3,4.1%,RB,3.0,7.0,0.0,1.0,1.0,5.0,5.0,0.0,,
119,michaelburton,,,,,,,,,7,9,0,0,17,3.7,0.2,0.1%,RB,1.3,4.0,0.0,3.0,3.0,8.0,2.7,0.0,,
120,keithsmith,,,,,,,,,0,0,0,0,13,3.3,0.3,0.0%,RB,0.0,0.0,0.0,3.0,3.0,33.0,11.0,0.0,,
121,c.j.ham,,,,,,,,,1,7,0,0,17,3.2,0.2,0.1%,RB,7.0,7.0,0.0,7.0,9.0,25.0,3.6,0.0,,
122,seantucker,,,,,,,,,15,23,0,0,5,3.2,0.6,0.2%,RB,1.5,7.0,0.0,2.0,2.0,9.0,4.5,0.0,,
123,khariblasingame,,,,,,,,,8,26,0,0,16,2.8,0.2,0.1%,RB,3.3,6.0,0.0,3.0,6.0,2.0,0.7,0.0,,
124,derrickgore,,,,,,,,,3,26,0,0,5,2.6,0.5,0.0%,RB,8.7,23.0,1.0,0.0,0.0,0.0,0.0,0.0,,
125,deejaydallas,,,,,,,,,10,36,0,2,17,2.2,0.1,0.6%,RB,3.6,8.0,0.0,6.0,9.0,26.0,4.3,0.0,,
126,jakefunk,,,,,,,,,2,10,0,0,1,2.2,2.2,0.0%,RB,5.0,7.0,0.0,1.0,1.0,12.0,12.0,0.0,,
127,zonovanknight,,,,,,,,,3,13,0,0,2,2.1,1.1,0.1%,RB,4.3,8.0,0.0,1.0,1.0,8.0,8.0,0.0,,
128,tyriondavis-price,,,,,,,,,6,21,0,0,1,2.1,2.1,0.1%,RB,3.5,15.0,0.0,0.0,0.0,0.0,0.0,0.0,,
129,elijahdotson,,,,,,,,,4,6,0,0,4,1.9,0.5,0.1%,RB,1.5,2.0,0.0,2.0,2.0,13.0,6.5,0.0,,
130,zachevans,,,,,,,,,9,19,0,0,4,1.9,0.5,0.7%,RB,2.1,5.0,0.0,0.0,0.0,0.0,0.0,0.0,,
131,devineozigbo,,,,,,,,,3,5,0,0,2,1.3,0.7,0.0%,RB,1.7,4.0,0.0,1.0,1.0,8.0,8.0,0.0,,
132,alexarmahjr.,,,,,,,,,0,0,0,0,7,1.3,0.2,0.0%,RB,0.0,0.0,0.0,3.0,3.0,13.0,4.3,0.0,,
133,jashauncorbin,,,,,,,,,1,1,0,0,3,1.3,0.4,0.0%,RB,1.0,1.0,0.0,3.0,3.0,12.0,4.0,0.0,,
134,kenenwangwu,,,,,,,,,5,13,0,0,8,1.3,0.2,0.2%,RB,2.6,8.0,0.0,0.0,0.0,0.0,0.0,0.0,,
135,jacobjohnson,,,,,,,,,0,0,0,0,13,1.2,0.1,0.0%,RB,0.0,0.0,0.0,1.0,2.0,12.0,12.0,0.0,,
136,jonathanward,,,,,,,,,3,11,0,0,5,1.1,0.2,0.0%,RB,3.7,8.0,0.0,0.0,0.0,0.0,0.0,0.0,,
137,kenyandrake,,,,,,,,,2,0,0,1,3,1.1,0.4,0.0%,RB,0.0,0.0,0.0,2.0,3.0,31.0,15.5,0.0,,
138,chrisevans,,,,,,,,,2,12,0,0,7,1.1,0.2,0.2%,RB,6.0,7.0,0.0,1.0,1.0,-1.0,-1.0,0.0,,
139,anthonymcfarlandjr.,,,,,,,,,0,0,0,0,3,1.1,0.4,0.0%,RB,0.0,0.0,0.0,2.0,2.0,11.0,5.5,0.0,,
140,evanhull,,,,,,,,,1,1,0,0,1,0.7,0.7,0.8%,RB,1.0,1.0,0.0,1.0,1.0,6.0,6.0,0.0,,
141,adamprentice,,,,,,,,,2,12,0,1,13,0.4,0.0,0.0%,RB,6.0,7.0,0.0,2.0,3.0,12.0,6.0,0.0,,
142,reggiegilliam,,,,,,,,,0,0,0,0,16,0.3,0.0,0.0%,RB,0.0,0.0,0.0,1.0,1.0,3.0,3.0,0.0,,
143,j.j.taylor,,,,,,,,,0,0,0,0,0,0.0,0.0,0.1%,RB,0.0,0.0,0.0,0.0,0.0,0.0,0.0,0.0,,
144,kirkmerritt,,,,,,,,,0,0,0,0,1,0.0,0.0,0.0%,RB,0.0,0.0,0.0,0.0,0.0,0.0,0.0,0.0,,
145,jamesrobinson,,,,,,,,,1,2,0,0,1,0.0,0.0,0.1%,RB,2.0,2.0,0.0,1.0,1.0,-2.0,-2.0,0.0,,
146,jamycalhasty,,,,,,,,,0,0,0,0,2,0.0,0.0,0.1%,RB,0.0,0.0,0.0,0.0,2.0,0.0,0.0,0.0,,
147,mikeweber,,,,,,,,,0,0,0,0,0,0.0,0.0,0.0%,RB,0.0,0.0,0.0,0.0,0.0,0.0,0.0,0.0,,
148,travishomer,,,,,,,,,0,0,0,0,9,0.0,0.0,0.1%,RB,0.0,0.0,0.0,0.0,1.0,0.0,0.0,0.0,,
149,andrewbeck,,,,,,,,,5,3,1,1,15,0.0,0.0,0.1%,RB,0.6,2.0,0.0,11.0,13.0,55.0,5.0,2.0,,
150,austinwalter,,,,,,,,,0,0,0,0,1,0.0,0.0,0.0%,RB,0.0,0.0,0.0,0.0,0.0,0.0,0.0,0.0,,
151,jermarjefferson,,,,,,,,,0,0,0,0,0,0.0,0.0,0.1%,RB,0.0,0.0,0.0,0.0,0.0,0.0,0.0,0.0,,
152,elijahcollins,,,,,,,,,0,0,0,0,0,0.0,0.0,0.0%,RB,0.0,0.0,0.0,0.0,0.0,0.0,0.0,0.0,,
153,jaretpatterson,,,,,,,,,0,0,0,0,0,0.0,0.0,0.0%,RB,0.0,0.0,0.0,0.0,0.0,0.0,0.0,0.0,,
154,mohamedibrahim,,,,,,,,,0,0,0,0,1,0.0,0.0,0.0%,RB,0.0,0.0,0.0,0.0,0.0,0.0,0.0,0.0,,
155,treybenson,,,,,,,,,0,0,0,0,0,0.0,0.0,56.3%,RB,0.0,0.0,0.0,0.0,0.0,0.0,0.0,0.0,,
156,xazavianvalladay,,,,,,,,,0,0,0,0,0,0.0,0.0,0.0%,RB,0.0,0.0,0.0,0.0,0.0,0.0,0.0,0.0,,
157,kennymcintosh,,,,,,,,,0,0,0,0,0,0.0,0.0,0.3%,RB,0.0,0.0,0.0,0.0,0.0,0.0,0.0,0.0,,
158,dylanmcduffie,,,,,,,,,0,0,0,0,0,0.0,0.0,0.0%,RB,0.0,0.0,0.0,0.0,0.0,0.0,0.0,0.0,,
159,dewaynemcbride,,,,,,,,,0,0,0,0,0,0.0,0.0,0.1%,RB,0.0,0.0,0.0,0.0,0.0,0.0,0.0,0.0,,
160,jackcolletto,,,,,,,,,0,0,0,0,0,0.0,0.0,0.0%,RB,0.0,0.0,0.0,0.0,0.0,0.0,0.0,0.0,,
161,sarodorickthompsonjr.,,,,,,,,,0,0,0,0,2,0.0,0.0,0.0%,RB,0.0,0.0,0.0,0.0,0.0,0.0,0.0,0.0,,
162,derekparish,,,,,,,,,0,0,0,0,1,0.0,0.0,0.0%,RB,0.0,0.0,0.0,0.0,0.0,0.0,0.0,0.0,,
163,lewnicholsiii,,,,,,,,,0,0,0,0,0,0.0,0.0,0.0%,RB,0.0,0.0,0.0,0.0,0.0,0.0,0.0,0.0,,
164,carloswashingtonjr.,,,,,,,,,0,0,0,0,0,0.0,0.0,0.0%,RB,0.0,0.0,0.0,0.0,0.0,0.0,0.0,0.0,,
165,jabarismall,,,,,,,,,0,0,0,0,0,0.0,0.0,0.0%,RB,0.0,0.0,0.0,0.0,0.0,0.0,0.0,0.0,,
166,brittainbrown,,,,,,,,,0,0,0,0,1,0.0,0.0,0.1%,RB,0.0,0.0,0.0,0.0,0.0,0.0,0.0,0.0,,
167,troyhairstonii,,,,,,,,,0,0,0,0,0,0.0,0.0,0.0%,RB,0.0,0.0,0.0,0.0,0.0,0.0,0.0,0.0,,
168,aaronshampklin,,,,,,,,,0,0,0,0,0,0.0,0.0,0.0%,RB,0.0,0.0,0.0,0.0,0.0,0.0,0.0,0.0,,
169,tyreikmcallister,,,,,,,,,0,0,0,0,0,0.0,0.0,0.0%,RB,0.0,0.0,0.0,0.0,0.0,0.0,0.0,0.0,,
170,juliuschestnut,,,,,,,,,0,0,0,0,2,0.0,0.0,0.2%,RB,0.0,0.0,0.0,0.0,0.0,0.0,0.0,0.0,,
171,henrypearson,,,,,,,,,0,0,0,0,2,0.0,0.0,0.0%,RB,0.0,0.0,0.0,0.0,0.0,0.0,0.0,0.0,,
172,braelonallen,,,,,,,,,0,0,0,0,0,0.0,0.0,2.2%,RB,0.0,0.0,0.0,0.0,0.0,0.0,0.0,0.0,,
173,carsonsteele,,,,,,,,,0,0,0,0,0,0.0,0.0,0.0%,RB,0.0,0.0,0.0,0.0,0.0,0.0,0.0,0.0,,
174,dantemiller,,,,,,,,,0,0,0,0,0,0.0,0.0,0.1%,RB,0.0,0.0,0.0,0.0,0.0,0.0,0.0,0.0,,
175,louisrees-zammit,,,,,,,,,0,0,0,0,0,0.0,0.0,0.4%,RB,0.0,0.0,0.0,0.0,0.0,0.0,0.0,0.0,,
176,aidanrobbins,,,,,,,,,0,0,0,0,0,0.0,0.0,0.0%,RB,0.0,0.0,0.0,0.0,0.0,0.0,0.0,0.0,,
177,austinjones,,,,,,,,,0,0,0,0,0,0.0,0.0,0.0%,RB,0.0,0.0,0.0,0.0,0.0,0.0,0.0,0.0,,
178,deshaunfenwick,,,,,,,,,0,0,0,0,0,0.0,0.0,0.0%,RB,0.0,0.0,0.0,0.0,0.0,0.0,0.0,0.0,,
179,isaacguerendo,,,,,,,,,0,0,0,0,0,0.0,0.0,0.9%,RB,0.0,0.0,0.0,0.0,0.0,0.0,0.0,0.0,,
180,blakewatson,,,,,,,,,0,0,0,0,0,0.0,0.0,0.1%,RB,0.0,0.0,0.0,0.0,0.0,0.0,0.0,0.0,,
181,michaelwiley,,,,,,,,,0,0,0,0,0,0.0,0.0,0.0%,RB,0.0,0.0,0.0,0.0,0.0,0.0,0.0,0.0,,
182,jadenshirden,,,,,,,,,0,0,0,0,0,0.0,0.0,0.0%,RB,0.0,0.0,0.0,0.0,0.0,0.0,0.0,0.0,,
183,jacobkibodi,,,,,,,,,0,0,0,0,0,0.0,0.0,0.0%,RB,0.0,0.0,0.0,0.0,0.0,0.0,0.0,0.0,,
184,kimanividal,,,,,,,,,0,0,0,0,0,0.0,0.0,1.9%,RB,0.0,0.0,0.0,0.0,0.0,0.0,0.0,0.0,,
185,emanibailey,,,,,,,,,0,0,0,0,0,0.0,0.0,0.0%,RB,0.0,0.0,0.0,0.0,0.0,0.0,0.0,0.0,,
186,jawharjordan,,,,,,,,,0,0,0,0,0,0.0,0.0,0.1%,RB,0.0,0.0,0.0,0.0,0.0,0.0,0.0,0.0,,
187,sionevaki,,,,,,,,,0,0,0,0,0,0.0,0.0,0.1%,RB,0.0,0.0,0.0,0.0,0.0,0.0,0.0,0.0,,
188,dillonjohnson,,,,,,,,,0,0,0,0,0,0.0,0.0,0.0%,RB,0.0,0.0,0.0,0.0,0.0,0.0,0.0,0.0,,
189,codyschrader,,,,,,,,,0,0,0,0,0,0.0,0.0,0.0%,RB,0.0,0.0,0.0,0.0,0.0,0.0,0.0,0.0,,
190,ramonjefferson,,,,,,,,,0,0,0,0,0,0.0,0.0,0.0%,RB,0.0,0.0,0.0,0.0,0.0,0.0,0.0,0.0,,
191,colsonyankoff,,,,,,,,,0,0,0,0,0,0.0,0.0,0.0%,RB,0.0,0.0,0.0,0.0,0.0,0.0,0.0,0.0,,
192,dylanlaube,,,,,,,,,0,0,0,0,0,0.0,0.0,0.7%,RB,0.0,0.0,0.0,0.0,0.0,0.0,0.0,0.0,,
193,trentpennix,,,,,,,,,0,0,0,0,0,0.0,0.0,0.0%,RB,0.0,0.0,0.0,0.0,0.0,0.0,0.0,0.0,,
194,anthonygrant,,,,,,,,,0,0,0,0,0,0.0,0.0,0.0%,RB,0.0,0.0,0.0,0.0,0.0,0.0,0.0,0.0,,
195,michaelherzog,,,,,,,,,0,0,0,0,0,0.0,0.0,0.0%,RB,0.0,0.0,0.0,0.0,0.0,0.0,0.0,0.0,,
196,lorenzolingard,,,,,,,,,0,0,0,0,0,0.0,0.0,0.0%,RB,0.0,0.0,0.0,0.0,0.0,0.0,0.0,0.0,,
197,jalenjackson,,,,,,,,,0,0,0,0,0,0.0,0.0,0.0%,RB,0.0,0.0,0.0,0.0,0.0,0.0,0.0,0.0,,
198,justinstrong,,,,,,,,,0,0,0,0,0,0.0,0.0,0.0%,RB,0.0,0.0,0.0,0.0,0.0,0.0,0.0,0.0,,
199,samschnee,,,,,,,,,0,0,0,0,0,0.0,0.0,0.0%,RB,0.0,0.0,0.0,0.0,0.0,0.0,0.0,0.0,,
200,britishbrooks,,,,,,,,,0,0,0,0,0,0.0,0.0,0.0%,RB,0.0,0.0,0.0,0.0,0.0,0.0,0.0,0.0,,
201,jarveonhoward,,,,,,,,,0,0,0,0,0,0.0,0.0,0.0%,RB,0.0,0.0,0.0,0.0,0.0,0.0,0.0,0.0,,
202,kobelewis,,,,,,,,,0,0,0,0,0,0.0,0.0,0.0%,RB,0.0,0.0,0.0,0.0,0.0,0.0,0.0,0.0,,
203,ianwheeler,,,,,,,,,0,0,0,0,0,0.0,0.0,0.0%,RB,0.0,0.0,0.0,0.0,0.0,0.0,0.0,0.0,,
204,nathanielpeat,,,,,,,,,0,0,0,0,0,0.0,0.0,0.0%,RB,0.0,0.0,0.0,0.0,0.0,0.0,0.0,0.0,,
205,jordanterrell,,,,,,,,,0,0,0,0,0,0.0,0.0,0.0%,RB,0.0,0.0,0.0,0.0,0.0,0.0,0.0,0.0,,
206,chriscollier,,,,,,,,,0,0,0,0,0,0.0,0.0,0.0%,RB,0.0,0.0,0.0,0.0,0.0,0.0,0.0,0.0,,
207,raydavis,,,,,,,,,0,0,0,0,0,0.0,0.0,2.5%,RB,0.0,0.0,0.0,0.0,0.0,0.0,0.0,0.0,,
208,owenwright,,,,,,,,,0,0,0,0,0,0.0,0.0,0.0%,RB,0.0,0.0,0.0,0.0,0.0,0.0,0.0,0.0,,
209,isaiahdavis,,,,,,,,,0,0,0,0,0,0.0,0.0,0.3%,RB,0.0,0.0,0.0,0.0,0.0,0.0,0.0,0.0,,
210,ellismerriweather,,,,,,,,,0,0,0,0,0,0.0,0.0,0.0%,RB,0.0,0.0,0.0,0.0,0.0,0.0,0.0,0.0,,
211,jordanmims,,,,,,,,,0,0,0,0,3,0.0,0.0,0.0%,RB,0.0,0.0,0.0,0.0,2.0,0.0,0.0,0.0,,
212,frankgorejr.,,,,,,,,,0,0,0,0,0,0.0,0.0,0.0%,RB,0.0,0.0,0.0,0.0,0.0,0.0,0.0,0.0,,
213,denericprince,,,,,,,,,0,0,0,0,0,0.0,0.0,0.1%,RB,0.0,0.0,0.0,0.0,0.0,0.0,0.0,0.0,,
214,zavierscott,,,,,,,,,0,0,0,0,0,0.0,0.0,0.0%,RB,0.0,0.0,0.0,0.0,0.0,0.0,0.0,0.0,,
215,robertburns,,,,,,,,,0,0,0,0,0,0.0,0.0,0.0%,RB,0.0,0.0,0.0,0.0,0.0,0.0,0.0,0.0,,
216,jacobsaylors,,,,,,,,,0,0,0,0,0,0.0,0.0,0.0%,RB,0.0,0.0,0.0,0.0,0.0,0.0,0.0,0.0,,
217,buckyirving,,,,,,,,,0,0,0,0,0,0.0,0.0,1.7%,RB,0.0,0.0,0.0,0.0,0.0,0.0,0.0,0.0,,
218,jonathonbrooks,,,,,,,,,0,0,0,0,0,0.0,0.0,84.3%,RB,0.0,0.0,0.0,0.0,0.0,0.0,0.0,0.0,,
219,jaylenwright,,,,,,,,,0,0,0,0,0,0.0,0.0,6.5%,RB,0.0,0.0,0.0,0.0,0.0,0.0,0.0,0.0,,
220,daijunedwards,,,,,,,,,0,0,0,0,0,0.0,0.0,0.0%,RB,0.0,0.0,0.0,0.0,0.0,0.0,0.0,0.0,,
221,rasheenali,,,,,,,,,0,0,0,0,0,0.0,0.0,0.5%,RB,0.0,0.0,0.0,0.0,0.0,0.0,0.0,0.0,,
222,georgeholani,,,,,,,,,0,0,0,0,0,0.0,0.0,0.0%,RB,0.0,0.0,0.0,0.0,0.0,0.0,0.0,0.0,,
223,d.j.williams,,,,,,,,,0,0,0,0,0,0.0,0.0,0.0%,RB,0.0,0.0,0.0,0.0,0.0,0.0,0.0,0.0,,
224,keilanrobinson,,,,,,,,,0,0,0,0,0,0.0,0.0,0.1%,RB,0.0,0.0,0.0,0.0,0.0,0.0,0.0,0.0,,
225,jasemcclellan,,,,,,,,,0,0,0,0,0,0.0,0.0,0.2%,RB,0.0,0.0,0.0,0.0,0.0,0.0,0.0,0.0,,
226,javianhawkins,,,,,,,,,0,0,0,0,0,0.0,0.0,0.0%,RB,0.0,0.0,0.0,0.0,0.0,0.0,0.0,0.0,,
227,willshipley,,,,,,,,,0,0,0,0,0,0.0,0.0,1.2%,RB,0.0,0.0,0.0,0.0,0.0,0.0,0.0,0.0,,
228,rickypersonjr.,,,,,,,,,0,0,0,0,0,0.0,0.0,0.0%,RB,0.0,0.0,0.0,0.0,0.0,0.0,0.0,0.0,,
229,snoopconner,,,,,,,,,0,0,0,0,0,0.0,0.0,0.1%,RB,0.0,0.0,0.0,0.0,0.0,0.0,0.0,0.0,,
230,blakecorum,,,,,,,,,0,0,0,0,0,0.0,0.0,54.8%,RB,0.0,0.0,0.0,0.0,0.0,0.0,0.0,0.0,,
231,tyronetracyjr.,,,,,,,,,0,0,0,0,0,0.0,0.0,2.9%,RB,0.0,0.0,0.0,0.0,0.0,0.0,0.0,0.0,,
232,kendallmilton,,,,,,,,,0,0,0,0,0,0.0,0.0,0.0%,RB,0.0,0.0,0.0,0.0,0.0,0.0,0.0,0.0,,
233,audricestime,,,,,,,,,0,0,0,0,0,0.0,0.0,1.1%,RB,0.0,0.0,0.0,0.0,0.0,0.0,0.0,0.0,,
234,tylerbadie,,,,,,,,,0,0,0,0,0,0.0,0.0,0.0%,RB,0.0,0.0,0.0,0.0,0.0,0.0,0.0,0.0,,
235,hassanhaskins,,,,,,,,,0,0,0,0,0,0.0,0.0,0.1%,RB,0.0,0.0,0.0,0.0,0.0,0.0,0.0,0.0,,
236,bryantkoback,,,,,,,,,0,0,0,0,1,0.0,0.0,0.0%,RB,0.0,0.0,0.0,0.0,0.0,0.0,0.0,0.0,,
237,malikdavis,,,,,,,,,0,0,0,0,2,0.0,0.0,0.3%,RB,0.0,0.0,0.0,0.0,0.0,0.0,0.0,0.0,,
238,zanderhorvath,,,,,,,,,0,0,0,0,0,0.0,0.0,0.0%,RB,0.0,0.0,0.0,0.0,0.0,0.0,0.0,0.0,,
239,marshawnlloyd,,,,,,,,,0,0,0,0,0,0.0,0.0,16.0%,RB,0.0,0.0,0.0,0.0,0.0,0.0,0.0,0.0,,
240,noahcain,,,,,,,,,0,0,0,0,0,0.0,0.0,0.0%,RB,0.0,0.0,0.0,0.0,0.0,0.0,0.0,0.0,,
241,steelechambers,,,,,,,,,0,0,0,0,0,0.0,0.0,0.0%,RB,0.0,0.0,0.0,0.0,0.0,0.0,0.0,0.0,,
242,averywilliams,,,,,,,,,0,0,0,0,0,0.0,0.0,0.1%,RB,0.0,0.0,0.0,0.0,0.0,0.0,0.0,0.0,,
243,benmason,,,,,,,,,0,0,0,0,1,0.0,0.0,0.0%,RB,0.0,0.0,0.0,0.0,0.0,0.0,0.0,0.0,,
244,sinceremccormick,,,,,,,,,0,0,0,0,0,0.0,0.0,0.0%,RB,0.0,0.0,0.0,0.0,0.0,0.0,0.0,0.0,,
245,nickbellore,,,,,,,,,0,0,0,0,10,0.0,0.0,7.0%,RB,0.0,0.0,0.0,0.0,0.0,0.0,0.0,0.0,,
246,jayfinley,,,,,,,,,0,0,0,0,0,0.0,0.0,0.0%,RB,0.0,0.0,0.0,0.0,0.0,0.0,0.0,0.0,,
247,shanebannon,,,,,,,,,0,0,0,0,0,0.0,0.0,0.0%,RB,0.0,0.0,0.0,0.0,0.0,0.0,0.0,0.0,,
248,kennyirons,,,,,,,,,0,0,0,0,0,0.0,0.0,0.0%,RB,0.0,0.0,0.0,0.0,0.0,0.0,0.0,0.0,,
249,anthonyalridge,,,,,,,,,0,0,0,0,0,0.0,0.0,0.0%,RB,0.0,0.0,0.0,0.0,0.0,0.0,0.0,0.0,,
250,dantrellsavage,,,,,,,,,0,0,0,0,0,0.0,0.0,0.0%,RB,0.0,0.0,0.0,0.0,0.0,0.0,0.0,0.0,,
251,chadsimpson,,,,,,,,,0,0,0,0,0,0.0,0.0,0.0%,RB,0.0,0.0,0.0,0.0,0.0,0.0,0.0,0.0,,
252,garrettmills,,,,,,,,,0,0,0,0,0,0.0,0.0,0.0%,RB,0.0,0.0,0.0,0.0,0.0,0.0,0.0,0.0,,
253,xavieromon,,,,,,,,,0,0,0,0,0,0.0,0.0,0.0%,RB,0.0,0.0,0.0,0.0,0.0,0.0,0.0,0.0,,
254,samkongado,,,,,,,,,0,0,0,0,0,0.0,0.0,0.0%,RB,0.0,0.0,0.0,0.0,0.0,0.0,0.0,0.0,,
255,madisonhedgecock,,,,,,,,,0,0,0,0,0,0.0,0.0,0.0%,RB,0.0,0.0,0.0,0.0,0.0,0.0,0.0,0.0,,
256,taquanmizzell,,,,,,,,,0,0,0,0,0,0.0,0.0,0.0%,RB,0.0,0.0,0.0,0.0,0.0,0.0,0.0,0.0,,
257,j.p.holtz,,,,,,,,,0,0,0,0,1,0.0,0.0,0.0%,RB,0.0,0.0,0.0,0.0,0.0,0.0,0.0,0.0,,
258,tarikcohen,,,,,,,,,0,0,0,0,0,0.0,0.0,0.0%,RB,0.0,0.0,0.0,0.0,0.0,0.0,0.0,0.0,,
259,coreyclement,,,,,,,,,0,0,0,0,2,0.0,0.0,0.0%,RB,0.0,0.0,0.0,0.0,0.0,0.0,0.0,0.0,,
260,jeremymcnichols,,,,,,,,,0,0,0,0,2,0.0,0.0,0.0%,RB,0.0,0.0,0.0,0.0,0.0,0.0,0.0,0.0,,
261,marlonmack,,,,,,,,,0,0,0,0,2,0.0,0.0,0.0%,RB,0.0,0.0,0.0,0.0,0.0,0.0,0.0,0.0,,
262,patricklaird,,,,,,,,,0,0,0,0,2,0.0,0.0,0.0%,RB,0.0,0.0,0.0,0.0,0.0,0.0,0.0,0.0,,
263,qadreeollison,,,,,,,,,0,0,0,0,1,0.0,0.0,0.0%,RB,0.0,0.0,0.0,0.0,0.0,0.0,0.0,0.0,,
264,johnkellyjr.,,,,,,,,,0,0,0,0,0,0.0,0.0,0.0%,RB,0.0,0.0,0.0,0.0,0.0,0.0,0.0,0.0,,
265,nyheimhines,,,,,,,,,0,0,0,0,0,0.0,0.0,0.5%,RB,0.0,0.0,0.0,0.0,0.0,0.0,0.0,0.0,,
266,mylesgaskin,,,,,,,,,0,0,0,0,0,0.0,0.0,0.1%,RB,0.0,0.0,0.0,0.0,0.0,0.0,0.0,0.0,,
267,godwinigwebuike,,,,,,,,,0,0,0,0,7,0.0,0.0,0.0%,RB,0.0,0.0,0.0,0.0,0.0,0.0,0.0,0.0,,
268,jasoncabinda,,,,,,,,,1,0,0,0,5,0.0,0.0,0.0%,RB,0.0,0.0,0.0,0.0,0.0,0.0,0.0,0.0,,
269,brennanclay,,,,,,,,,0,0,0,0,0,0.0,0.0,0.0%,RB,0.0,0.0,0.0,0.0,0.0,0.0,0.0,0.0,,
270,williecarter,,,,,,,,,0,0,0,0,0,0.0,0.0,0.0%,RB,0.0,0.0,0.0,0.0,0.0,0.0,0.0,0.0,,
271,timflanders,,,,,,,,,0,0,0,0,0,0.0,0.0,0.0%,RB,0.0,0.0,0.0,0.0,0.0,0.0,0.0,0.0,,
272,dwaynewashington,,,,,,,,,0,0,0,0,4,0.0,0.0,0.0%,RB,0.0,0.0,0.0,0.0,0.0,0.0,0.0,0.0,,
273,terrelljennings,,,,,,,,,0,0,0,0,0,0.0,0.0,0.0%,RB,0.0,0.0,0.0,0.0,0.0,0.0,0.0,0.0,,
274,jonathanwilliams,,,,,,,,,1,-2,0,0,1,-0.2,-0.2,0.0%,RB,-2.0,0.0,0.0,0.0,1.0,0.0,0.0,0.0,,
275,deonjackson,,,,,,,,,14,16,0,2,2,-1.0,-0.5,1.0%,RB,1.1,7.0,0.0,5.0,6.0,14.0,2.8,0.0,,
1,ceedeelamb,,,,,,,,,14,113,2,2,17,268.2,15.8,100.0%,WR,,,,135.0,181.0,1749.0,13.0,12.0,92.0,29.0
2,tyreekhill,,,,,,,,,6,15,0,1,16,257.4,16.1,100.0%,WR,,,,119.0,171.0,1799.0,15.1,13.0,78.0,29.0
3,amon-rast.brown,,,,,,,,,4,24,0,1,16,211.9,13.2,100.0%,WR,,,,119.0,164.0,1515.0,12.7,10.0,70.0,24.0
4,mikeevans,,,,,,,,,0,0,0,0,17,203.5,12.0,98.1%,WR,,,,79.0,136.0,1255.0,15.9,13.0,75.0,20.0
5,pukanacua,,,,,,,,,12,89,0,0,17,193.5,11.4,96.9%,WR,,,,105.0,160.0,1486.0,14.2,6.0,80.0,25.0
6,djmoore,,,,,,,,,4,21,1,1,17,190.5,11.2,97.7%,WR,,,,96.0,136.0,1364.0,14.2,8.0,58.0,25.0
7,deebosamuelsr.,,,,,,,,,37,225,5,0,15,183.7,12.2,98.8%,WR,,,,60.0,89.0,892.0,14.9,7.0,54.0,15.0
8,a.j.brown,,,,,,,,,0,0,0,2,17,183.6,10.8,99.9%,WR,,,,106.0,158.0,1456.0,13.7,7.0,59.0,21.0
9,nicocollins,,,,,,,,,1,7,0,0,15,180.4,12.0,95.7%,WR,,,,80.0,109.0,1297.0,16.2,8.0,75.0,25.0
10,brandonaiyuk,,,,,,,,,0,0,0,1,16,174.2,10.9,98.3%,WR,,,,75.0,105.0,1342.0,17.9,7.0,76.0,28.0
11,keenanallen,,,,,,,,,2,6,0,1,13,170.9,13.1,91.1%,WR,,,,108.0,150.0,1243.0,11.5,7.0,42.0,19.0
12,stefondiggs,,,,,,,,,1,5,0,1,17,166.8,9.8,99.7%,WR,,,,107.0,160.0,1183.0,11.1,8.0,55.0,10.0
13,ja'marrchase,,,,,,,,,3,-6,0,0,16,162.7,10.2,99.4%,WR,,,,100.0,145.0,1216.0,12.2,7.0,76.0,14.0
14,davanteadams,,,,,,,,,0,0,0,0,17,162.4,9.6,99.9%,WR,,,,103.0,175.0,1144.0,11.1,8.0,46.0,13.0
15,dkmetcalf,,,,,,,,,0,0,0,0,16,159.4,10.0,98.5%,WR,,,,66.0,119.0,1114.0,16.9,8.0,73.0,19.0
16,amaricooper,,,,,,,,,0,0,0,1,15,155.0,10.3,91.6%,WR,,,,72.0,128.0,1250.0,17.4,5.0,75.0,21.0
17,calvinridley,,,,,,,,,9,23,0,0,17,153.9,9.1,95.2%,WR,,,,76.0,136.0,1016.0,13.4,8.0,59.0,17.0
18,jaydenreed,,,,,,,,,11,119,2,0,16,153.2,9.6,77.3%,WR,,,,64.0,94.0,793.0,12.4,8.0,59.0,13.0
19,jordanaddison,,,,,,,,,1,2,0,0,17,151.3,8.9,88.6%,WR,,,,70.0,108.0,911.0,13.0,10.0,62.0,15.0
20,deandrehopkins,,,,,,,,,2,9,0,0,17,148.6,8.7,92.5%,WR,,,,75.0,137.0,1057.0,14.1,7.0,61.0,15.0
21,jakobimeyers,,,,,,,,,4,24,2,0,16,147.6,9.2,75.0%,WR,,,,71.0,106.0,807.0,11.4,8.0,33.0,8.0
22,devontasmith,,,,,,,,,0,0,0,1,16,146.6,9.2,98.1%,WR,,,,81.0,112.0,1066.0,13.2,7.0,63.0,14.0
23,georgepickens,,,,,,,,,3,18,0,0,17,145.8,8.6,87.0%,WR,,,,63.0,106.0,1140.0,18.1,5.0,86.0,22.0
24,chrisolave,,,,,,,,,0,0,0,0,16,144.3,9.0,98.8%,WR,,,,87.0,138.0,1123.0,12.9,5.0,51.0,16.0
25,michaelpittmanjr.,,,,,,,,,0,0,0,1,16,141.2,8.8,97.2%,WR,,,,109.0,156.0,1152.0,10.6,4.0,75.0,10.0
26,justinjefferson,,,,,,,,,1,-12,0,1,10,134.2,13.4,100.0%,WR,,,,68.0,100.0,1074.0,15.8,5.0,52.0,25.0
27,rasheerice,,,,,,,,,1,-3,0,1,16,133.5,8.3,89.6%,WR,,,,79.0,102.0,938.0,11.9,7.0,67.0,10.0
28,courtlandsutton,,,,,,,,,0,0,0,3,16,131.2,8.2,83.4%,WR,,,,59.0,90.0,772.0,13.1,10.0,46.0,14.0
29,zayflowers,,,,,,,,,8,56,1,0,16,129.4,8.1,92.0%,WR,,,,77.0,108.0,858.0,11.1,5.0,75.0,12.0
30,adamthielen,,,,,,,,,1,6,0,0,17,128.0,7.5,74.4%,WR,,,,103.0,137.0,1014.0,9.8,4.0,32.0,9.0
31,jaylenwaddle,,,,,,,,,3,12,0,0,14,126.6,9.0,96.3%,WR,,,,72.0,104.0,1014.0,14.1,4.0,60.0,12.0
32,chrisgodwin,,,,,,,,,4,38,1,0,17,126.2,7.4,90.4%,WR,,,,83.0,130.0,1024.0,12.3,2.0,47.0,14.0
33,terrymclaurin,,,,,,,,,0,0,0,0,17,124.2,7.3,90.3%,WR,,,,79.0,132.0,1002.0,12.7,4.0,48.0,15.0
34,tylerlockett,,,,,,,,,0,0,0,0,17,123.4,7.3,88.8%,WR,,,,79.0,122.0,894.0,11.3,5.0,37.0,9.0
35,brandincooks,,,,,,,,,5,35,0,0,16,119.2,7.5,43.5%,WR,,,,54.0,81.0,657.0,12.2,8.0,37.0,11.0
36,garrettwilson,,,,,,,,,4,0,0,2,17,118.2,7.0,97.7%,WR,,,,95.0,168.0,1042.0,11.0,3.0,68.0,11.0
37,tankdell,,,,,,,,,11,51,0,0,11,118.0,10.7,60.2%,WR,,,,47.0,75.0,709.0,15.1,7.0,68.0,10.0
38,gabedavis,,,,,,,,,1,-2,0,1,17,116.4,6.8,53.9%,WR,,,,45.0,81.0,746.0,16.6,7.0,57.0,12.0
39,romeodoubs,,,,,,,,,0,0,0,0,17,115.4,6.8,43.5%,WR,,,,59.0,96.0,674.0,11.4,8.0,36.0,7.0
40,rashidshaheed,,,,,,,,,7,37,0,1,16,109.6,6.9,45.6%,WR,,,,46.0,75.0,719.0,15.6,5.0,58.0,12.0
41,cooperkupp,,,,,,,,,1,-3,0,0,12,105.4,8.8,97.9%,WR,,,,59.0,95.0,737.0,12.5,5.0,62.0,10.0
42,drakelondon,,,,,,,,,0,0,0,0,16,105.4,6.6,93.0%,WR,,,,69.0,110.0,905.0,13.1,2.0,45.0,17.0
43,diontaejohnson,,,,,,,,,0,0,0,0,13,101.7,7.8,83.3%,WR,,,,51.0,87.0,717.0,14.1,5.0,71.0,10.0
44,dariusslayton,,,,,,,,,0,0,0,0,17,101.0,5.9,2.7%,WR,,,,50.0,79.0,770.0,15.4,4.0,80.0,11.0
45,teehiggins,,,,,,,,,0,0,0,0,12,95.6,8.0,94.5%,WR,,,,42.0,76.0,656.0,15.6,5.0,80.0,8.0
46,curtissamuel,,,,,,,,,7,39,1,0,16,95.2,6.0,49.3%,WR,,,,62.0,91.0,613.0,9.9,4.0,37.0,7.0
47,christiankirk,,,,,,,,,1,6,0,2,12,93.3,7.8,70.7%,WR,,,,57.0,85.0,787.0,13.8,3.0,57.0,13.0
48,joshdowns,,,,,,,,,0,0,0,0,17,89.1,5.2,26.9%,WR,,,,68.0,98.0,771.0,11.3,2.0,59.0,10.0
49,joshreynolds,,,,,,,,,0,0,0,1,17,88.8,5.2,7.4%,WR,,,,40.0,64.0,608.0,15.2,5.0,33.0,17.0
50,jerryjeudy,,,,,,,,,0,0,0,0,16,87.8,5.5,62.5%,WR,,,,54.0,87.0,758.0,14.0,2.0,47.0,10.0
51,jaxonsmith-njigba,,,,,,,,,0,0,0,0,17,86.8,5.1,76.1%,WR,,,,63.0,93.0,628.0,10.0,4.0,35.0,7.0
52,hollywoodbrown,,,,,,,,,2,23,0,0,14,83.7,6.0,79.1%,WR,,,,51.0,101.0,574.0,11.3,4.0,41.0,8.0
53,dontayvionwicks,,,,,,,,,1,1,0,1,15,80.8,5.4,6.6%,WR,,,,39.0,58.0,581.0,14.9,4.0,35.0,11.0
54,djcharkjr.,,,,,,,,,0,0,0,1,15,80.5,5.4,4.6%,WR,,,,35.0,66.0,525.0,15.0,5.0,47.0,9.0
55,tylerboyd,,,,,,,,,2,11,0,0,17,78.8,4.6,28.0%,WR,,,,67.0,98.0,667.0,10.0,2.0,64.0,6.0
56,michaelwilson,,,,,,,,,0,0,0,0,13,76.5,5.9,8.1%,WR,,,,38.0,58.0,565.0,14.9,3.0,69.0,7.0
57,jahandotson,,,,,,,,,0,0,0,0,17,75.8,4.5,30.7%,WR,,,,49.0,83.0,518.0,10.6,4.0,33.0,5.0
58,khalilshakir,,,,,,,,,1,10,0,0,17,74.1,4.4,11.4%,WR,,,,39.0,45.0,611.0,15.7,2.0,81.0,10.0
59,tutuatwell,,,,,,,,,5,31,0,0,16,73.4,4.6,9.4%,WR,,,,39.0,67.0,483.0,12.4,3.0,44.0,8.0
60,christianwatson,,,,,,,,,4,11,0,0,9,73.3,8.1,74.9%,WR,,,,28.0,53.0,422.0,15.1,5.0,77.0,5.0
61,wan'dalerobinson,,,,,,,,,9,87,1,0,15,73.2,4.9,9.5%,WR,,,,60.0,78.0,525.0,8.8,1.0,33.0,7.0
62,elijahmoore,,,,,,,,,9,11,0,2,17,73.1,4.3,23.3%,WR,,,,59.0,104.0,640.0,10.8,2.0,42.0,9.0
63,odellbeckhamjr.,,,,,,,,,0,0,0,1,14,72.5,5.2,33.1%,WR,,,,35.0,64.0,565.0,16.1,3.0,51.0,10.0
64,k.j.osborn,,,,,,,,,0,0,0,0,16,72.0,4.5,15.4%,WR,,,,48.0,75.0,540.0,11.3,3.0,47.0,6.0
65,joshuapalmer,,,,,,,,,1,6,0,1,11,68.7,6.2,25.5%,WR,,,,38.0,61.0,581.0,15.3,2.0,79.0,9.0
66,noahbrown,,,,,,,,,1,-1,0,0,10,68.6,6.9,23.5%,WR,,,,33.0,55.0,567.0,17.2,2.0,75.0,14.0
67,rondalemoore,,,,,,,,,28,178,1,0,17,65.0,3.8,5.3%,WR,,,,40.0,62.0,352.0,8.8,1.0,48.0,4.0
68,alecpierce,,,,,,,,,0,0,0,0,17,63.4,3.7,2.3%,WR,,,,32.0,65.0,514.0,16.1,2.0,58.0,8.0
69,kendrickbourne,,,,,,,,,1,4,0,1,8,63.0,7.9,4.5%,WR,,,,37.0,55.0,406.0,11.0,4.0,36.0,5.0
70,kalifraymond,,,,,,,,,7,75,0,0,17,62.4,3.7,1.3%,WR,,,,35.0,44.0,489.0,14.0,1.0,41.0,9.0
71,nelsonagholor,,,,,,,,,0,0,0,0,17,62.1,3.7,0.9%,WR,,,,35.0,45.0,381.0,10.9,4.0,37.0,4.0
72,justinwatson,,,,,,,,,0,0,0,1,16,62.0,3.9,1.8%,WR,,,,27.0,53.0,460.0,17.0,3.0,41.0,8.0
73,demarcusrobinson,,,,,,,,,1,23,0,1,13,61.4,4.7,15.2%,WR,,,,26.0,39.0,371.0,14.3,4.0,37.0,7.0
74,demariodouglas,,,,,,,,,8,41,0,1,14,58.2,4.2,21.4%,WR,,,,49.0,79.0,561.0,11.4,0.0,42.0,6.0
75,nickwestbrook-ikhine,,,,,,,,,0,0,0,0,14,57.0,4.1,0.2%,WR,,,,28.0,45.0,370.0,13.2,3.0,33.0,8.0
76,treypalmer,,,,,,,,,3,22,0,1,17,56.7,3.3,1.5%,WR,,,,39.0,68.0,385.0,9.9,3.0,54.0,6.0
77,jamesonwilliams,,,,,,,,,3,29,1,0,12,56.3,4.7,42.3%,WR,,,,24.0,42.0,354.0,14.8,2.0,63.0,5.0
78,quentinjohnston,,,,,,,,,3,9,0,0,17,56.0,3.3,19.3%,WR,,,,38.0,67.0,431.0,11.3,2.0,57.0,5.0
79,brandonjohnson,,,,,,,,,0,0,0,0,13,54.4,4.2,2.0%,WR,,,,19.0,30.0,284.0,14.9,4.0,50.0,6.0
80,michaelgallup,,,,,,,,,0,0,0,0,17,53.8,3.2,6.4%,WR,,,,34.0,57.0,418.0,12.3,2.0,41.0,6.0
81,tretucker,,,,,,,,,10,77,0,0,16,52.8,3.3,0.6%,WR,,,,19.0,34.0,331.0,17.4,2.0,50.0,6.0
82,michaelthomas,,,,,,,,,0,0,0,0,10,50.8,5.1,17.1%,WR,,,,39.0,64.0,448.0,11.5,1.0,31.0,4.0
83,robertwoods,,,,,,,,,1,7,0,0,14,49.3,3.5,2.7%,WR,,,,40.0,75.0,426.0,10.7,1.0,26.0,2.0
84,marvinmimsjr.,,,,,,,,,9,30,0,2,16,48.7,3.0,6.8%,WR,,,,22.0,33.0,377.0,17.1,1.0,60.0,6.0
85,a.t.perry,,,,,,,,,0,0,0,0,10,48.6,4.9,0.8%,WR,,,,12.0,18.0,246.0,20.5,4.0,44.0,5.0
86,darnellmooney,,,,,,,,,2,5,0,0,15,47.9,3.2,39.1%,WR,,,,31.0,61.0,414.0,13.4,1.0,41.0,7.0
87,kavontaeturpin,,,,,,,,,11,110,1,0,16,47.7,3.0,0.8%,WR,,,,12.0,18.0,127.0,10.6,3.0,34.0,2.0
88,cedrickwilsonjr.,,,,,,,,,0,0,0,0,15,47.6,3.2,1.1%,WR,,,,22.0,38.0,296.0,13.5,3.0,31.0,5.0
89,chrismoore,,,,,,,,,2,39,0,0,17,46.3,2.7,0.1%,WR,,,,22.0,35.0,424.0,19.3,0.0,49.0,9.0
90,rashodbateman,,,,,,,,,1,18,0,0,16,44.5,2.8,9.5%,WR,,,,32.0,56.0,367.0,11.5,1.0,29.0,2.0
91,zayjones,,,,,,,,,0,0,0,0,9,44.1,4.9,16.7%,WR,,,,34.0,64.0,321.0,9.4,2.0,36.0,3.0
92,jonathanmingo,,,,,,,,,0,0,0,0,15,41.8,2.8,7.1%,WR,,,,43.0,85.0,418.0,9.7,0.0,40.0,6.0
93,gregdortch,,,,,,,,,1,5,0,0,16,40.5,2.5,4.4%,WR,,,,24.0,41.0,280.0,11.7,2.0,38.0,3.0
94,devanteparker,,,,,,,,,0,0,0,0,13,39.4,3.0,1.7%,WR,,,,33.0,55.0,394.0,11.9,0.0,30.0,6.0
95,isaiahhodgins,,,,,,,,,0,0,0,1,17,39.0,2.3,0.6%,WR,,,,21.0,33.0,230.0,11.0,3.0,24.0,1.0
96,brandonpowell,,,,,,,,,5,17,0,1,17,38.1,2.2,0.7%,WR,,,,29.0,44.0,324.0,11.2,1.0,28.0,6.0
97,jakebobo,,,,,,,,,1,3,1,0,17,37.9,2.2,0.3%,WR,,,,19.0,25.0,196.0,10.3,2.0,31.0,3.0
98,xaviergipson,,,,,,,,,8,68,1,2,17,37.7,2.2,0.7%,WR,,,,21.0,38.0,229.0,10.9,0.0,36.0,4.0
99,trentonirwin,,,,,,,,,0,0,0,0,16,37.6,2.4,0.6%,WR,,,,25.0,32.0,316.0,12.6,1.0,32.0,7.0
100,jalinhyatt,,,,,,,,,0,0,0,0,17,37.3,2.2,3.5%,WR,,,,23.0,40.0,373.0,16.2,0.0,58.0,7.0
101,allenlazard,,,,,,,,,0,0,0,0,14,37.1,2.7,4.8%,WR,,,,23.0,49.0,311.0,13.5,1.0,39.0,5.0
102,jalentolbert,,,,,,,,,0,0,0,1,17,36.8,2.2,1.6%,WR,,,,22.0,36.0,268.0,12.2,2.0,45.0,3.0
103,calvinaustiniii,,,,,,,,,11,57,1,0,17,35.7,2.1,0.8%,WR,,,,17.0,30.0,180.0,10.6,1.0,72.0,1.0
104,andreiiosivas,,,,,,,,,0,0,0,0,16,35.6,2.2,0.5%,WR,,,,15.0,25.0,116.0,7.7,4.0,16.0,0.0
105,marquezvaldes-scantling,,,,,,,,,0,0,0,1,16,35.5,2.2,1.3%,WR,,,,21.0,42.0,315.0,15.0,1.0,46.0,5.0
106,davidbell,,,,,,,,,0,0,0,0,15,34.7,2.3,0.2%,WR,,,,14.0,23.0,167.0,11.9,3.0,41.0,3.0
107,lil'jordanhumphrey,,,,,,,,,0,0,0,0,17,34.2,2.0,0.1%,WR,,,,13.0,19.0,162.0,12.5,3.0,54.0,1.0
108,skyymoore,,,,,,,,,3,23,0,0,14,32.7,2.3,6.4%,WR,,,,21.0,38.0,244.0,11.6,1.0,54.0,3.0
109,jauanjennings,,,,,,,,,0,0,0,0,13,32.5,2.5,0.8%,WR,,,,19.0,33.0,265.0,13.9,1.0,31.0,4.0
110,jujusmith-schuster,,,,,,,,,0,0,0,0,11,32.0,2.9,7.0%,WR,,,,29.0,47.0,260.0,9.0,1.0,37.0,3.0
111,mikewilliams,,,,,,,,,1,3,0,0,3,31.2,10.4,48.2%,WR,,,,19.0,26.0,249.0,13.1,1.0,49.0,4.0
112,braxtonberrios,,,,,,,,,1,11,0,0,16,30.9,1.9,1.2%,WR,,,,27.0,33.0,238.0,8.8,1.0,22.0,1.0
113,bomelton,,,,,,,,,3,21,0,0,4,29.9,7.5,0.3%,WR,,,,16.0,24.0,218.0,13.6,1.0,37.0,3.0
114,alexerickson,,,,,,,,,0,0,0,0,8,29.2,3.7,0.0%,WR,,,,16.0,29.0,232.0,14.5,1.0,27.0,4.0
115,olamidezaccheaus,,,,,,,,,0,0,0,0,17,28.4,1.7,0.1%,WR,,,,10.0,20.0,164.0,16.4,2.0,34.0,4.0
116,scottymiller,,,,,,,,,0,0,0,0,17,28.1,1.7,0.1%,WR,,,,11.0,16.0,161.0,14.6,2.0,56.0,2.0
117,allenrobinsonii,,,,,,,,,0,0,0,0,17,28.0,1.6,0.6%,WR,,,,34.0,49.0,280.0,8.2,0.0,31.0,2.0
118,jamalagnew,,,,,,,,,4,-2,0,1,11,26.3,2.4,1.0%,WR,,,,14.0,21.0,225.0,16.1,1.0,65.0,2.0
119,kadariustoney,,,,,,,,,11,31,0,0,13,26.0,2.0,5.9%,WR,,,,27.0,38.0,169.0,6.3,1.0,18.0,0.0
120,juliojones,,,,,,,,,0,0,0,0,11,25.4,2.3,0.6%,WR,,,,11.0,19.0,74.0,6.7,3.0,22.0,1.0
121,mackhollins,,,,,,,,,0,0,0,0,13,25.1,1.9,0.3%,WR,,,,18.0,30.0,251.0,13.9,0.0,45.0,3.0
122,deonteharty,,,,,,,,,4,0,0,1,16,25.0,1.6,0.1%,WR,,,,15.0,21.0,150.0,10.0,1.0,43.0,2.0
123,ronniebell,,,,,,,,,0,0,0,0,16,24.8,1.6,0.1%,WR,,,,6.0,13.0,68.0,11.3,3.0,20.0,1.0
124,ihmirsmith-marsette,,,,,,,,,8,74,1,0,17,24.5,1.4,0.1%,WR,,,,8.0,10.0,51.0,6.4,0.0,18.0,0.0
125,treylonburks,,,,,,,,,5,18,0,0,11,23.9,2.2,6.1%,WR,,,,16.0,30.0,221.0,13.8,0.0,70.0,4.0
126,hunterrenfrow,,,,,,,,,0,0,0,1,17,23.5,1.4,0.7%,WR,,,,25.0,37.0,255.0,10.2,0.0,38.0,3.0
127,cedrictillman,,,,,,,,,1,8,0,0,14,23.2,1.7,0.8%,WR,,,,21.0,44.0,224.0,10.7,0.0,23.0,1.0
128,khadarelhodge,,,,,,,,,1,0,0,0,17,23.2,1.4,0.1%,WR,,,,14.0,23.0,232.0,16.6,0.0,52.0,3.0
129,parkerwashington,,,,,,,,,0,0,0,1,9,23.2,2.6,2.6%,WR,,,,16.0,21.0,132.0,8.3,2.0,19.0,0.0
130,dyamibrown,,,,,,,,,1,0,0,0,17,23.0,1.4,0.2%,WR,,,,12.0,23.0,168.0,14.0,1.0,35.0,2.0
131,jalenreagor,,,,,,,,,1,17,0,0,11,21.5,2.0,0.1%,WR,,,,7.0,23.0,138.0,19.7,0.0,39.0,3.0
132,vanjefferson,,,,,,,,,1,4,0,0,17,21.3,1.3,1.4%,WR,,,,20.0,43.0,209.0,10.5,0.0,46.0,1.0
133,deriusdavis,,,,,,,,,14,101,0,1,17,20.7,1.2,0.3%,WR,,,,15.0,17.0,66.0,4.4,0.0,18.0,0.0
134,quezwatkins,,,,,,,,,0,0,0,0,9,20.2,2.2,0.2%,WR,,,,15.0,21.0,142.0,9.5,1.0,19.0,0.0
135,jamisoncrowder,,,,,,,,,0,0,0,1,17,19.9,1.2,0.3%,WR,,,,16.0,20.0,159.0,9.9,1.0,26.0,1.0
136,tylerscott,,,,,,,,,7,41,0,1,17,18.9,1.1,0.3%,WR,,,,17.0,32.0,168.0,9.9,0.0,30.0,1.0
137,robbiechosen,,,,,,,,,0,0,0,0,9,18.6,2.1,0.0%,WR,,,,4.0,6.0,126.0,31.5,1.0,68.0,2.0
138,malikheath,,,,,,,,,0,0,0,0,13,18.5,1.4,0.2%,WR,,,,15.0,24.0,125.0,8.3,1.0,16.0,0.0
139,rivercracraft,,,,,,,,,0,0,0,0,10,18.1,1.8,0.1%,WR,,,,9.0,12.0,121.0,13.4,1.0,24.0,2.0
140,deventhompkins,,,,,,,,,8,56,0,1,17,17.9,1.1,0.1%,WR,,,,17.0,25.0,83.0,4.9,1.0,26.0,1.0
141,ray-raymccloudiii,,,,,,,,,3,30,0,0,12,16.5,1.4,0.6%,WR,,,,12.0,15.0,135.0,11.3,0.0,41.0,2.0
142,johnmetchieiii,,,,,,,,,1,4,0,0,16,16.2,1.0,0.8%,WR,,,,16.0,30.0,158.0,9.9,0.0,22.0,1.0
143,kylephilips,,,,,,,,,0,0,0,1,9,16.1,1.8,0.1%,WR,,,,15.0,22.0,181.0,12.1,0.0,29.0,4.0
144,donovanpeoples-jones,,,,,,,,,0,0,0,0,15,15.5,1.0,1.8%,WR,,,,13.0,25.0,155.0,11.9,0.0,29.0,2.0
145,davidmoore,,,,,,,,,0,0,0,0,7,15.4,2.2,0.1%,WR,,,,5.0,7.0,94.0,18.8,1.0,52.0,1.0
146,jalenguyton,,,,,,,,,0,0,0,0,8,14.9,1.9,1.1%,WR,,,,10.0,21.0,89.0,8.9,1.0,18.0,0.0
147,trentsherfieldsr.,,,,,,,,,0,0,0,0,17,14.6,0.9,0.1%,WR,,,,11.0,22.0,86.0,7.8,1.0,12.0,0.0
148,tyquanthornton,,,,,,,,,3,51,0,0,9,14.2,1.6,0.2%,WR,,,,13.0,23.0,91.0,7.0,0.0,15.0,0.0
149,byronpringle,,,,,,,,,0,0,0,1,16,14.1,0.9,0.0%,WR,,,,14.0,22.0,161.0,11.5,0.0,26.0,1.0
150,xavierhutchinson,,,,,,,,,5,49,0,0,15,13.9,0.9,0.1%,WR,,,,8.0,19.0,90.0,11.3,0.0,34.0,1.0
151,terracemarshalljr.,,,,,,,,,0,0,0,0,9,13.9,1.5,0.2%,WR,,,,19.0,33.0,139.0,7.3,0.0,14.0,0.0
152,charliejones,,,,,,,,,2,13,0,0,11,13.7,1.2,0.2%,WR,,,,7.0,9.0,64.0,9.1,0.0,35.0,1.0
153,chaseclaypool,,,,,,,,,0,0,0,0,11,13.7,1.2,0.8%,WR,,,,8.0,21.0,77.0,9.6,1.0,20.0,1.0
154,benskowronek,,,,,,,,,2,9,0,0,17,13.5,0.8,0.1%,WR,,,,8.0,12.0,66.0,8.3,1.0,20.0,1.0
155,randallcobb,,,,,,,,,0,0,0,0,11,11.9,1.1,0.0%,WR,,,,5.0,17.0,39.0,7.8,1.0,15.0,0.0
156,d.j.montgomery,,,,,,,,,0,0,0,0,7,11.6,1.7,0.0%,WR,,,,3.0,8.0,56.0,18.7,1.0,34.0,1.0
157,jasonbrownlee,,,,,,,,,0,0,0,0,7,11.6,1.7,0.1%,WR,,,,5.0,8.0,56.0,11.2,1.0,24.0,1.0
158,lynnbowdenjr.,,,,,,,,,5,32,0,0,15,11.5,0.8,0.0%,WR,,,,11.0,16.0,83.0,7.5,0.0,17.0,0.0
159,laviskashenaultjr.,,,,,,,,,12,55,0,0,8,11.5,1.4,0.2%,WR,,,,10.0,10.0,60.0,6.0,0.0,14.0,0.0
160,mecolehardmanjr.,,,,,,,,,1,3,0,1,10,10.7,1.1,1.2%,WR,,,,15.0,24.0,124.0,8.3,0.0,37.0,1.0
161,parriscampbell,,,,,,,,,0,0,0,0,12,10.4,0.9,0.7%,WR,,,,20.0,27.0,104.0,5.2,0.0,17.0,0.0
162,sterlingshepard,,,,,,,,,1,6,0,1,15,10.3,0.7,0.1%,WR,,,,10.0,22.0,57.0,5.7,1.0,13.0,0.0
163,marquisegoodwin,,,,,,,,,4,33,0,0,12,10.0,0.8,0.0%,WR,,,,4.0,13.0,67.0,16.8,0.0,57.0,1.0
164,keithkirkwood,,,,,,,,,0,0,0,0,13,9.7,0.7,0.0%,WR,,,,5.0,9.0,37.0,7.4,1.0,13.0,0.0
165,lawrencecager,,,,,,,,,0,0,0,0,9,9.6,1.1,0.0%,WR,,,,4.0,5.0,36.0,9.0,1.0,10.0,0.0
166,richiejamesjr.,,,,,,,,,0,0,0,1,9,9.4,1.0,0.0%,WR,,,,10.0,14.0,114.0,11.4,0.0,45.0,1.0
167,timjones,,,,,,,,,0,0,0,0,17,8.3,0.5,0.0%,WR,,,,11.0,18.0,83.0,7.5,0.0,15.0,0.0
168,samoritoure,,,,,,,,,0,0,0,1,11,7.8,0.7,0.0%,WR,,,,8.0,18.0,78.0,9.8,0.0,35.0,1.0
169,tylanwallace,,,,,,,,,0,0,0,0,9,7.1,0.8,0.1%,WR,,,,1.0,2.0,11.0,11.0,0.0,11.0,0.0
170,velusjonesjr.,,,,,,,,,8,51,0,0,14,7.1,0.5,0.2%,WR,,,,4.0,7.0,20.0,5.0,0.0,11.0,0.0
171,simifehoko,,,,,,,,,0,0,0,0,5,6.9,1.4,0.1%,WR,,,,1.0,2.0,9.0,9.0,1.0,9.0,0.0
172,chrisconley,,,,,,,,,0,0,0,0,8,6.9,0.9,0.1%,WR,,,,3.0,6.0,69.0,23.0,0.0,48.0,1.0
173,tylerjohnson,,,,,,,,,0,0,0,0,1,6.8,6.8,0.0%,WR,,,,2.0,3.0,8.0,4.0,1.0,8.0,0.0
174,jalenbrooks,,,,,,,,,0,0,0,0,7,6.4,0.9,0.1%,WR,,,,6.0,6.0,64.0,10.7,0.0,24.0,1.0
175,equanimeousst.brown,,,,,,,,,0,0,0,0,7,6.2,0.9,0.1%,WR,,,,5.0,6.0,62.0,12.4,0.0,21.0,1.0
176,rakimjarrett,,,,,,,,,1,0,0,0,10,6.0,0.6,0.0%,WR,,,,4.0,9.0,60.0,15.0,0.0,41.0,1.0
177,deandrecarter,,,,,,,,,3,18,0,0,17,5.7,0.3,0.0%,WR,,,,4.0,7.0,39.0,9.8,0.0,16.0,0.0
178,isaiahmckenzie,,,,,,,,,3,14,0,2,13,5.6,0.4,0.2%,WR,,,,11.0,14.0,82.0,7.5,0.0,30.0,1.0
179,justynross,,,,,,,,,0,0,0,0,10,5.3,0.5,0.2%,WR,,,,6.0,11.0,53.0,8.8,0.0,20.0,1.0
180,mikestrachan,,,,,,,,,0,0,0,0,4,4.5,1.1,0.0%,WR,,,,1.0,3.0,45.0,45.0,0.0,45.0,1.0
181,britaincovey,,,,,,,,,0,0,0,0,16,4.2,0.3,0.1%,WR,,,,4.0,6.0,42.0,10.5,0.0,22.0,1.0
182,elijahcooks,,,,,,,,,0,0,0,0,9,3.8,0.4,0.0%,WR,,,,3.0,4.0,38.0,12.7,0.0,23.0,1.0
183,keelandoss,,,,,,,,,0,0,0,0,5,3.3,0.7,0.0%,WR,,,,6.0,13.0,33.0,5.5,0.0,9.0,0.0
184,devinduvernay,,,,,,,,,4,15,0,0,13,3.3,0.3,0.2%,WR,,,,4.0,9.0,18.0,4.5,0.0,10.0,0.0
185,trishtonjackson,,,,,,,,,0,0,0,0,6,2.9,0.5,0.0%,WR,,,,2.0,4.0,9.0,4.5,0.0,7.0,0.0
186,jalennailor,,,,,,,,,0,0,0,0,6,2.9,0.5,0.1%,WR,,,,3.0,6.0,29.0,9.7,0.0,16.0,0.0
187,stevensimsjr.,,,,,,,,,1,1,0,0,3,2.6,0.9,0.0%,WR,,,,3.0,3.0,25.0,8.3,0.0,23.0,1.0
188,erikezukanma,,,,,,,,,5,22,0,0,2,2.2,1.1,0.1%,WR,,,,0.0,1.0,0.0,0.0,0.0,0.0,0.0
189,gunnerolszewski,,,,,,,,,0,0,0,2,12,2.0,0.2,0.1%,WR,,,,1.0,1.0,0.0,0.0,0.0,0.0,0.0
190,zachpascal,,,,,,,,,0,0,0,0,14,1.9,0.1,0.1%,WR,,,,4.0,15.0,19.0,4.8,0.0,9.0,0.0
191,kayshonboutte,,,,,,,,,0,0,0,0,5,1.9,0.4,0.1%,WR,,,,2.0,7.0,19.0,9.5,0.0,11.0,0.0
192,milesboykin,,,,,,,,,0,0,0,0,16,1.7,0.1,0.0%,WR,,,,3.0,4.0,17.0,5.7,0.0,6.0,0.0
193,laquontreadwell,,,,,,,,,0,0,0,0,4,1.6,0.4,0.0%,WR,,,,1.0,3.0,16.0,16.0,0.0,16.0,0.0
194,marvinjonesjr.,,,,,,,,,0,0,0,1,6,1.5,0.3,0.1%,WR,,,,5.0,10.0,35.0,7.0,0.0,16.0,0.0
195,williesneadiv,,,,,,,,,0,0,0,0,4,1.4,0.4,0.0%,WR,,,,2.0,3.0,14.0,7.0,0.0,9.0,0.0
196,maliktaylor,,,,,,,,,0,0,0,0,3,1.3,0.4,0.0%,WR,,,,2.0,4.0,13.0,6.5,0.0,7.0,0.0
197,collinjohnson,,,,,,,,,0,0,0,0,3,1.1,0.4,0.0%,WR,,,,1.0,1.0,11.0,11.0,0.0,11.0,0.0
198,codythompson,,,,,,,,,0,0,0,0,6,1.0,0.2,0.0%,WR,,,,1.0,1.0,10.0,10.0,0.0,10.0,0.0
199,austintrammell,,,,,,,,,0,0,0,1,15,0.9,0.1,0.0%,WR,,,,4.0,7.0,29.0,7.3,0.0,14.0,0.0
200,masonkinsey,,,,,,,,,0,0,0,0,6,0.6,0.1,0.0%,WR,,,,1.0,1.0,6.0,6.0,0.0,6.0,0.0
201,deeeskridge,,,,,,,,,2,5,0,0,4,0.5,0.1,0.1%,WR,,,,0.0,1.0,0.0,0.0,0.0,0.0,0.0
202,coltondowell,,,,,,,,,0,0,0,0,9,0.3,0.0,0.0%,WR,,,,1.0,2.0,3.0,3.0,0.0,3.0,0.0
203,antoinegreen,,,,,,,,,0,0,0,0,9,0.2,0.0,0.1%,WR,,,,1.0,2.0,2.0,2.0,0.0,2.0,0.0
204,kwamielassiterii,,,,,,,,,0,0,0,0,1,0.2,0.2,0.0%,WR,,,,1.0,1.0,2.0,2.0,0.0,2.0,0.0
205,kjhamler,,,,,,,,,0,0,0,0,0,0.0,0.0,0.1%,WR,,,,0.0,0.0,0.0,0.0,0.0,0.0,0.0
206,tomkennedy,,,,,,,,,0,0,0,0,0,0.0,0.0,0.0%,WR,,,,0.0,0.0,0.0,0.0,0.0,0.0,0.0
207,codywhite,,,,,,,,,0,0,0,0,0,0.0,0.0,0.0%,WR,,,,0.0,0.0,0.0,0.0,0.0,0.0,0.0
208,freddieswain,,,,,,,,,0,0,0,0,0,0.0,0.0,0.0%,WR,,,,0.0,0.0,0.0,0.0,0.0,0.0,0.0
209,austinmack,,,,,,,,,0,0,0,0,0,0.0,0.0,0.0%,WR,,,,0.0,0.0,0.0,0.0,0.0,0.0,0.0
210,tyriecleveland,,,,,,,,,0,0,0,0,0,0.0,0.0,0.0%,WR,,,,0.0,0.0,0.0,0.0,0.0,0.0,0.0
211,denzelmims,,,,,,,,,0,0,0,0,0,0.0,0.0,0.0%,WR,,,,0.0,0.0,0.0,0.0,0.0,0.0,0.0
212,marquezcallaway,,,,,,,,,0,0,0,0,3,0.0,0.0,0.1%,WR,,,,0.0,0.0,0.0,0.0,0.0,0.0,0.0
213,easopwinstonjr.,,,,,,,,,0,0,0,0,1,0.0,0.0,0.0%,WR,,,,0.0,0.0,0.0,0.0,0.0,0.0,0.0
214,ashtondulin,,,,,,,,,0,0,0,0,0,0.0,0.0,0.1%,WR,,,,0.0,0.0,0.0,0.0,0.0,0.0,0.0
215,stanleymorganjr.,,,,,,,,,0,0,0,0,2,0.0,0.0,0.0%,WR,,,,0.0,0.0,0.0,0.0,0.0,0.0,0.0
216,davidsills,,,,,,,,,0,0,0,0,3,0.0,0.0,0.0%,WR,,,,0.0,0.0,0.0,0.0,0.0,0.0,0.0
217,daviondavis,,,,,,,,,0,0,0,0,0,0.0,0.0,0.0%,WR,,,,0.0,0.0,0.0,0.0,0.0,0.0,0.0
218,andyisabella,,,,,,,,,0,0,0,0,2,0.0,0.0,0.0%,WR,,,,0.0,0.0,0.0,0.0,0.0,0.0,0.0
219,juwannwinfree,,,,,,,,,0,0,0,0,4,0.0,0.0,0.0%,WR,,,,0.0,1.0,0.0,0.0,0.0,0.0,0.0
220,nsimbawebster,,,,,,,,,0,0,0,0,0,0.0,0.0,0.0%,WR,,,,0.0,0.0,0.0,0.0,0.0,0.0,0.0
221,alexbachman,,,,,,,,,0,0,0,0,0,0.0,0.0,0.0%,WR,,,,0.0,0.0,0.0,0.0,0.0,0.0,0.0
222,quintonbell,,,,,,,,,0,0,0,0,0,0.0,0.0,0.0%,WR,,,,0.0,0.0,0.0,0.0,0.0,0.0,0.0
223,tyronbilly-johnson,,,,,,,,,0,0,0,0,0,0.0,0.0,0.0%,WR,,,,0.0,0.0,0.0,0.0,0.0,0.0,0.0
224,jeffsmith,,,,,,,,,0,0,0,0,0,0.0,0.0,0.0%,WR,,,,0.0,0.0,0.0,0.0,0.0,0.0,0.0
225,kirkmerritt,,,,,,,,,0,0,0,0,1,0.0,0.0,0.0%,WR,,,,0.0,0.0,0.0,0.0,0.0,0.0,0.0
226,kristianwilkerson,,,,,,,,,0,0,0,0,2,0.0,0.0,0.0%,WR,,,,0.0,0.0,0.0,0.0,0.0,0.0,0.0
227,jaylonmoore,,,,,,,,,0,0,0,0,0,0.0,0.0,0.0%,WR,,,,0.0,0.0,0.0,0.0,0.0,0.0,0.0
228,scottywashington,,,,,,,,,0,0,0,0,0,0.0,0.0,0.0%,WR,,,,0.0,0.0,0.0,0.0,0.0,0.0,0.0
229,amarirodgers,,,,,,,,,0,0,0,0,3,0.0,0.0,0.0%,WR,,,,0.0,2.0,0.0,0.0,0.0,0.0,0.0
230,anthonyschwartz,,,,,,,,,0,0,0,0,0,0.0,0.0,0.0%,WR,,,,0.0,0.0,0.0,0.0,0.0,0.0,0.0
231,sethwilliams,,,,,,,,,0,0,0,0,0,0.0,0.0,0.0%,WR,,,,0.0,0.0,0.0,0.0,0.0,0.0,0.0
232,dezfitzpatrick,,,,,,,,,0,0,0,0,0,0.0,0.0,0.0%,WR,,,,0.0,0.0,0.0,0.0,0.0,0.0,0.0
233,danchisena,,,,,,,,,0,0,0,0,1,0.0,0.0,0.0%,WR,,,,0.0,0.0,0.0,0.0,0.0,0.0,0.0
234,andrebaccellia,,,,,,,,,0,0,0,0,4,0.0,0.0,0.0%,WR,,,,0.0,0.0,0.0,0.0,0.0,0.0,0.0
235,zavierscott,,,,,,,,,0,0,0,0,0,0.0,0.0,0.0%,WR,,,,0.0,0.0,0.0,0.0,0.0,0.0,0.0
236,nikkoremigio,,,,,,,,,0,0,0,0,0,0.0,0.0,0.0%,WR,,,,0.0,0.0,0.0,0.0,0.0,0.0,0.0
237,daewooddavis,,,,,,,,,0,0,0,0,0,0.0,0.0,0.0%,WR,,,,0.0,0.0,0.0,0.0,0.0,0.0,0.0
238,tyrellshavers,,,,,,,,,0,0,0,0,0,0.0,0.0,0.0%,WR,,,,0.0,0.0,0.0,0.0,0.0,0.0,0.0
239,seanryan,,,,,,,,,0,0,0,0,0,0.0,0.0,0.0%,WR,,,,0.0,0.0,0.0,0.0,0.0,0.0,0.0
240,danielarias,,,,,,,,,0,0,0,0,0,0.0,0.0,0.0%,WR,,,,0.0,0.0,0.0,0.0,0.0,0.0,0.0
241,duecewatts,,,,,,,,,0,0,0,0,0,0.0,0.0,0.0%,WR,,,,0.0,0.0,0.0,0.0,0.0,0.0,0.0
242,thyrickpitts,,,,,,,,,0,0,0,0,0,0.0,0.0,0.0%,WR,,,,0.0,0.0,0.0,0.0,0.0,0.0,0.0
243,isaiahwinstead,,,,,,,,,0,0,0,0,3,0.0,0.0,0.0%,WR,,,,0.0,0.0,0.0,0.0,0.0,0.0,0.0
244,shedrickjackson,,,,,,,,,0,0,0,0,2,0.0,0.0,0.0%,WR,,,,0.0,1.0,0.0,0.0,0.0,0.0,0.0
245,ryanmiller,,,,,,,,,0,0,0,0,1,0.0,0.0,0.0%,WR,,,,0.0,0.0,0.0,0.0,0.0,0.0,0.0
246,brycentremayne,,,,,,,,,0,0,0,0,0,0.0,0.0,0.0%,WR,,,,0.0,0.0,0.0,0.0,0.0,0.0,0.0
247,devontezwalker,,,,,,,,,0,0,0,0,0,0.0,0.0,0.9%,WR,,,,0.0,0.0,0.0,0.0,0.0,0.0,0.0
248,keoncoleman,,,,,,,,,0,0,0,0,0,0.0,0.0,78.7%,WR,,,,0.0,0.0,0.0,0.0,0.0,0.0,0.0
249,malachicorley,,,,,,,,,0,0,0,0,0,0.0,0.0,2.0%,WR,,,,0.0,0.0,0.0,0.0,0.0,0.0,0.0
250,daviddurden,,,,,,,,,0,0,0,0,0,0.0,0.0,0.0%,WR,,,,0.0,0.0,0.0,0.0,0.0,0.0,0.0
251,tre'shaunharrison,,,,,,,,,0,0,0,0,0,0.0,0.0,0.0%,WR,,,,0.0,0.0,0.0,0.0,0.0,0.0,0.0
252,dylandrummond,,,,,,,,,0,0,0,0,1,0.0,0.0,0.0%,WR,,,,0.0,0.0,0.0,0.0,0.0,0.0,0.0
253,bryanthompson,,,,,,,,,0,0,0,0,0,0.0,0.0,0.0%,WR,,,,0.0,0.0,0.0,0.0,0.0,0.0,0.0
254,johnstephensjr.,,,,,,,,,0,0,0,0,0,0.0,0.0,0.0%,WR,,,,0.0,0.0,0.0,0.0,0.0,0.0,0.0
255,luckyjackson,,,,,,,,,0,0,0,0,3,0.0,0.0,0.0%,WR,,,,0.0,0.0,0.0,0.0,0.0,0.0,0.0
256,xaviersmith,,,,,,,,,0,0,0,0,0,0.0,0.0,0.0%,WR,,,,0.0,0.0,0.0,0.0,0.0,0.0,0.0
257,joshali,,,,,,,,,0,0,0,0,0,0.0,0.0,0.0%,WR,,,,0.0,0.0,0.0,0.0,0.0,0.0,0.0
258,mauricealexander,,,,,,,,,0,0,0,0,0,0.0,0.0,0.0%,WR,,,,0.0,0.0,0.0,0.0,0.0,0.0,0.0
259,daylenbaldwin,,,,,,,,,0,0,0,0,0,0.0,0.0,0.0%,WR,,,,0.0,0.0,0.0,0.0,0.0,0.0,0.0
260,jacobcowing,,,,,,,,,0,0,0,0,0,0.0,0.0,0.3%,WR,,,,0.0,0.0,0.0,0.0,0.0,0.0,0.0
261,johnnywilson,,,,,,,,,0,0,0,0,0,0.0,0.0,0.3%,WR,,,,0.0,0.0,0.0,0.0,0.0,0.0,0.0
262,bryceford-wheaton,,,,,,,,,0,0,0,0,0,0.0,0.0,0.0%,WR,,,,0.0,0.0,0.0,0.0,0.0,0.0,0.0
263,jarayjenkins,,,,,,,,,0,0,0,0,0,0.0,0.0,0.0%,WR,,,,0.0,0.0,0.0,0.0,0.0,0.0,0.0
264,shaquandavis,,,,,,,,,0,0,0,0,0,0.0,0.0,0.0%,WR,,,,0.0,0.0,0.0,0.0,0.0,0.0,0.0
265,mattlanders,,,,,,,,,0,0,0,0,0,0.0,0.0,0.0%,WR,,,,0.0,0.0,0.0,0.0,0.0,0.0,0.0
266,grantdubose,,,,,,,,,0,0,0,0,0,0.0,0.0,0.0%,WR,,,,0.0,0.0,0.0,0.0,0.0,0.0,0.0
267,jaredwayne,,,,,,,,,0,0,0,0,0,0.0,0.0,0.0%,WR,,,,0.0,0.0,0.0,0.0,0.0,0.0,0.0
268,thayerthomas,,,,,,,,,0,0,0,0,0,0.0,0.0,0.0%,WR,,,,0.0,0.0,0.0,0.0,0.0,0.0,0.0
269,malikknowles,,,,,,,,,0,0,0,0,0,0.0,0.0,0.0%,WR,,,,0.0,0.0,0.0,0.0,0.0,0.0,0.0
270,cephusjohnsoniii,,,,,,,,,0,0,0,0,3,0.0,0.0,0.0%,WR,,,,0.0,0.0,0.0,0.0,0.0,0.0,0.0
271,terrellbynum,,,,,,,,,0,0,0,0,1,0.0,0.0,0.0%,WR,,,,0.0,0.0,0.0,0.0,0.0,0.0,0.0
272,kazmeirallen,,,,,,,,,0,0,0,0,0,0.0,0.0,0.0%,WR,,,,0.0,0.0,0.0,0.0,0.0,0.0,0.0
273,jalencropper,,,,,,,,,0,0,0,0,0,0.0,0.0,0.0%,WR,,,,0.0,0.0,0.0,0.0,0.0,0.0,0.0
274,maliknabers,,,,,,,,,0,0,0,0,0,0.0,0.0,91.6%,WR,,,,0.0,0.0,0.0,0.0,0.0,0.0,0.0
275,romeodunze,,,,,,,,,0,0,0,0,0,0.0,0.0,76.7%,WR,,,,0.0,0.0,0.0,0.0,0.0,0.0,0.0
276,kameronjohnson,,,,,,,,,0,0,0,0,0,0.0,0.0,0.0%,WR,,,,0.0,0.0,0.0,0.0,0.0,0.0,0.0
277,jaquaejackson,,,,,,,,,0,0,0,0,0,0.0,0.0,0.0%,WR,,,,0.0,0.0,0.0,0.0,0.0,0.0,0.0
278,samschnee,,,,,,,,,0,0,0,0,0,0.0,0.0,0.0%,WR,,,,0.0,0.0,0.0,0.0,0.0,0.0,0.0
279,bryceoliver,,,,,,,,,0,0,0,0,0,0.0,0.0,0.0%,WR,,,,0.0,0.0,0.0,0.0,0.0,0.0,0.0
280,isaiahwashington,,,,,,,,,0,0,0,0,0,0.0,0.0,0.0%,WR,,,,0.0,0.0,0.0,0.0,0.0,0.0,0.0
281,lawrencekeysiii,,,,,,,,,0,0,0,0,0,0.0,0.0,0.0%,WR,,,,0.0,0.0,0.0,0.0,0.0,0.0,0.0
282,sampinckney,,,,,,,,,0,0,0,0,0,0.0,0.0,0.0%,WR,,,,0.0,0.0,0.0,0.0,0.0,0.0,0.0
283,ojhiliare,,,,,,,,,0,0,0,0,0,0.0,0.0,0.0%,WR,,,,0.0,0.0,0.0,0.0,0.0,0.0,0.0
284,tylerharrell,,,,,,,,,0,0,0,0,0,0.0,0.0,0.0%,WR,,,,0.0,0.0,0.0,0.0,0.0,0.0,0.0
285,deewilliams,,,,,,,,,0,0,0,0,0,0.0,0.0,0.0%,WR,,,,0.0,0.0,0.0,0.0,0.0,0.0,0.0
286,camjohnson,,,,,,,,,0,0,0,0,0,0.0,0.0,0.0%,WR,,,,0.0,0.0,0.0,0.0,0.0,0.0,0.0
287,geordonporter,,,,,,,,,0,0,0,0,0,0.0,0.0,0.0%,WR,,,,0.0,0.0,0.0,0.0,0.0,0.0,0.0
288,ayirasante,,,,,,,,,0,0,0,0,0,0.0,0.0,0.0%,WR,,,,0.0,0.0,0.0,0.0,0.0,0.0,0.0
289,talikkeaton,,,,,,,,,0,0,0,0,0,0.0,0.0,0.0%,WR,,,,0.0,0.0,0.0,0.0,0.0,0.0,0.0
290,isaiahwooden,,,,,,,,,0,0,0,0,0,0.0,0.0,0.0%,WR,,,,0.0,0.0,0.0,0.0,0.0,0.0,0.0
291,teriqueowens,,,,,,,,,0,0,0,0,0,0.0,0.0,0.0%,WR,,,,0.0,0.0,0.0,0.0,0.0,0.0,0.0
292,julianhicks,,,,,,,,,0,0,0,0,0,0.0,0.0,0.0%,WR,,,,0.0,0.0,0.0,0.0,0.0,0.0,0.0
293,xavierjohnson,,,,,,,,,0,0,0,0,0,0.0,0.0,0.0%,WR,,,,0.0,0.0,0.0,0.0,0.0,0.0,0.0
294,devincarter,,,,,,,,,0,0,0,0,0,0.0,0.0,0.0%,WR,,,,0.0,0.0,0.0,0.0,0.0,0.0,0.0
295,ahmareanbrown,,,,,,,,,0,0,0,0,0,0.0,0.0,0.0%,WR,,,,0.0,0.0,0.0,0.0,0.0,0.0,0.0
296,xavierwhite,,,,,,,,,0,0,0,0,0,0.0,0.0,0.0%,WR,,,,0.0,0.0,0.0,0.0,0.0,0.0,0.0
297,tremosley,,,,,,,,,0,0,0,0,0,0.0,0.0,0.0%,WR,,,,0.0,0.0,0.0,0.0,0.0,0.0,0.0
298,jeshaunjones,,,,,,,,,0,0,0,0,0,0.0,0.0,0.0%,WR,,,,0.0,0.0,0.0,0.0,0.0,0.0,0.0
299,masontipton,,,,,,,,,0,0,0,0,0,0.0,0.0,0.0%,WR,,,,0.0,0.0,0.0,0.0,0.0,0.0,0.0
300,leonjohnsoniii,,,,,,,,,0,0,0,0,0,0.0,0.0,0.0%,WR,,,,0.0,0.0,0.0,0.0,0.0,0.0,0.0
301,jeffforeman,,,,,,,,,0,0,0,0,0,0.0,0.0,0.0%,WR,,,,0.0,0.0,0.0,0.0,0.0,0.0,0.0
302,jaelengill,,,,,,,,,0,0,0,0,0,0.0,0.0,0.0%,WR,,,,0.0,0.0,0.0,0.0,0.0,0.0,0.0
303,jaylenjohnson,,,,,,,,,0,0,0,0,0,0.0,0.0,0.0%,WR,,,,0.0,0.0,0.0,0.0,0.0,0.0,0.0
304,jermainejackson,,,,,,,,,0,0,0,0,0,0.0,0.0,0.0%,WR,,,,0.0,0.0,0.0,0.0,0.0,0.0,0.0
305,coreycroomsjr.,,,,,,,,,0,0,0,0,0,0.0,0.0,0.0%,WR,,,,0.0,0.0,0.0,0.0,0.0,0.0,0.0
306,samwiglusz,,,,,,,,,0,0,0,0,0,0.0,0.0,0.0%,WR,,,,0.0,0.0,0.0,0.0,0.0,0.0,0.0
307,drakestoops,,,,,,,,,0,0,0,0,0,0.0,0.0,0.0%,WR,,,,0.0,0.0,0.0,0.0,0.0,0.0,0.0
308,praiseolatoke,,,,,,,,,0,0,0,0,0,0.0,0.0,0.0%,WR,,,,0.0,0.0,0.0,0.0,0.0,0.0,0.0
309,dakereonjoyner,,,,,,,,,0,0,0,0,0,0.0,0.0,0.0%,WR,,,,0.0,0.0,0.0,0.0,0.0,0.0,0.0
310,latrealjones,,,,,,,,,0,0,0,0,0,0.0,0.0,0.0%,WR,,,,0.0,0.0,0.0,0.0,0.0,0.0,0.0
311,treveyonpratt,,,,,,,,,0,0,0,0,0,0.0,0.0,0.0%,WR,,,,0.0,0.0,0.0,0.0,0.0,0.0,0.0
312,xavierwade,,,,,,,,,0,0,0,0,0,0.0,0.0,0.0%,WR,,,,0.0,0.0,0.0,0.0,0.0,0.0,0.0
313,peterleblanc,,,,,,,,,0,0,0,0,0,0.0,0.0,0.0%,WR,,,,0.0,0.0,0.0,0.0,0.0,0.0,0.0
314,dakotacaton,,,,,,,,,0,0,0,0,0,0.0,0.0,0.0%,WR,,,,0.0,0.0,0.0,0.0,0.0,0.0,0.0
315,johnjiles,,,,,,,,,0,0,0,0,0,0.0,0.0,0.0%,WR,,,,0.0,0.0,0.0,0.0,0.0,0.0,0.0
316,tannerknue,,,,,,,,,0,0,0,0,0,0.0,0.0,0.0%,WR,,,,0.0,0.0,0.0,0.0,0.0,0.0,0.0
317,calebchapman,,,,,,,,,0,0,0,0,0,0.0,0.0,0.0%,WR,,,,0.0,0.0,0.0,0.0,0.0,0.0,0.0
318,johnjacksoniii,,,,,,,,,0,0,0,0,0,0.0,0.0,0.0%,WR,,,,0.0,0.0,0.0,0.0,0.0,0.0,0.0
319,hamzeel-zayat,,,,,,,,,0,0,0,0,0,0.0,0.0,0.0%,WR,,,,0.0,0.0,0.0,0.0,0.0,0.0,0.0
320,davidwallis,,,,,,,,,0,0,0,0,0,0.0,0.0,0.0%,WR,,,,0.0,0.0,0.0,0.0,0.0,0.0,0.0
321,kaylonhorton,,,,,,,,,0,0,0,0,0,0.0,0.0,0.0%,WR,,,,0.0,0.0,0.0,0.0,0.0,0.0,0.0
322,dimitristanley,,,,,,,,,0,0,0,0,0,0.0,0.0,0.0%,WR,,,,0.0,0.0,0.0,0.0,0.0,0.0,0.0
323,zachmathis,,,,,,,,,0,0,0,0,0,0.0,0.0,0.0%,WR,,,,0.0,0.0,0.0,0.0,0.0,0.0,0.0
324,davidwhitejr.,,,,,,,,,0,0,0,0,0,0.0,0.0,0.0%,WR,,,,0.0,0.0,0.0,0.0,0.0,0.0,0.0
325,jaaronhayek,,,,,,,,,0,0,0,0,0,0.0,0.0,0.0%,WR,,,,0.0,0.0,0.0,0.0,0.0,0.0,0.0
326,brevineaston,,,,,,,,,0,0,0,0,0,0.0,0.0,0.0%,WR,,,,0.0,0.0,0.0,0.0,0.0,0.0,0.0
327,coleburgess,,,,,,,,,0,0,0,0,0,0.0,0.0,0.0%,WR,,,,0.0,0.0,0.0,0.0,0.0,0.0,0.0
328,josephscates,,,,,,,,,0,0,0,0,0,0.0,0.0,0.0%,WR,,,,0.0,0.0,0.0,0.0,0.0,0.0,0.0
329,jjlaap,,,,,,,,,0,0,0,0,0,0.0,0.0,0.0%,WR,,,,0.0,0.0,0.0,0.0,0.0,0.0,0.0
330,rjmobley,,,,,,,,,0,0,0,0,0,0.0,0.0,0.0%,WR,,,,0.0,0.0,0.0,0.0,0.0,0.0,0.0
331,marcusriley,,,,,,,,,0,0,0,0,0,0.0,0.0,0.0%,WR,,,,0.0,0.0,0.0,0.0,0.0,0.0,0.0
332,phillipbrooks,,,,,,,,,0,0,0,0,0,0.0,0.0,0.0%,WR,,,,0.0,0.0,0.0,0.0,0.0,0.0,0.0
333,colebeck,,,,,,,,,0,0,0,0,0,0.0,0.0,0.0%,WR,,,,0.0,0.0,0.0,0.0,0.0,0.0,0.0
334,qadirismail,,,,,,,,,0,0,0,0,0,0.0,0.0,0.0%,WR,,,,0.0,0.0,0.0,0.0,0.0,0.0,0.0
335,jaloncalhoun,,,,,,,,,0,0,0,0,0,0.0,0.0,0.0%,WR,,,,0.0,0.0,0.0,0.0,0.0,0.0,0.0
336,haydenhatten,,,,,,,,,0,0,0,0,0,0.0,0.0,0.0%,WR,,,,0.0,0.0,0.0,0.0,0.0,0.0,0.0
337,chasecota,,,,,,,,,0,0,0,0,1,0.0,0.0,0.0%,WR,,,,0.0,0.0,0.0,0.0,0.0,0.0,0.0
338,laddmcconkey,,,,,,,,,0,0,0,0,0,0.0,0.0,76.3%,WR,,,,0.0,0.0,0.0,0.0,0.0,0.0,0.0
339,xavierlegette,,,,,,,,,0,0,0,0,0,0.0,0.0,32.9%,WR,,,,0.0,0.0,0.0,0.0,0.0,0.0,0.0
340,romanwilson,,,,,,,,,0,0,0,0,0,0.0,0.0,2.4%,WR,,,,0.0,0.0,0.0,0.0,0.0,0.0,0.0
341,jamarithrash,,,,,,,,,0,0,0,0,0,0.0,0.0,0.1%,WR,,,,0.0,0.0,0.0,0.0,0.0,0.0,0.0
342,jaxonjanke,,,,,,,,,0,0,0,0,0,0.0,0.0,0.0%,WR,,,,0.0,0.0,0.0,0.0,0.0,0.0,0.0
343,ja'lynnpolk,,,,,,,,,0,0,0,0,0,0.0,0.0,3.5%,WR,,,,0.0,0.0,0.0,0.0,0.0,0.0,0.0
344,tyjames,,,,,,,,,0,0,0,0,0,0.0,0.0,0.0%,WR,,,,0.0,0.0,0.0,0.0,0.0,0.0,0.0
345,daytonwade,,,,,,,,,0,0,0,0,0,0.0,0.0,0.0%,WR,,,,0.0,0.0,0.0,0.0,0.0,0.0,0.0
346,jalencoker,,,,,,,,,0,0,0,0,0,0.0,0.0,0.0%,WR,,,,0.0,0.0,0.0,0.0,0.0,0.0,0.0
347,anthonygould,,,,,,,,,0,0,0,0,0,0.0,0.0,0.1%,WR,,,,0.0,0.0,0.0,0.0,0.0,0.0,0.0
348,lideatrickgriffin,,,,,,,,,0,0,0,0,0,0.0,0.0,0.0%,WR,,,,0.0,0.0,0.0,0.0,0.0,0.0,0.0
349,jadonjanke,,,,,,,,,0,0,0,0,0,0.0,0.0,0.0%,WR,,,,0.0,0.0,0.0,0.0,0.0,0.0,0.0
350,ryanflournoy,,,,,,,,,0,0,0,0,0,0.0,0.0,0.2%,WR,,,,0.0,0.0,0.0,0.0,0.0,0.0,0.0
351,devaughnvele,,,,,,,,,0,0,0,0,0,0.0,0.0,0.0%,WR,,,,0.0,0.0,0.0,0.0,0.0,0.0,0.0
352,tejhaunpalmer,,,,,,,,,0,0,0,0,0,0.0,0.0,0.0%,WR,,,,0.0,0.0,0.0,0.0,0.0,0.0,0.0
353,caseywashington,,,,,,,,,0,0,0,0,0,0.0,0.0,0.1%,WR,,,,0.0,0.0,0.0,0.0,0.0,0.0,0.0
354,tahjwashington,,,,,,,,,0,0,0,0,0,0.0,0.0,0.0%,WR,,,,0.0,0.0,0.0,0.0,0.0,0.0,0.0
355,je'quanburton,,,,,,,,,0,0,0,0,0,0.0,0.0,0.0%,WR,,,,0.0,0.0,0.0,0.0,0.0,0.0,0.0
356,brendenrice,,,,,,,,,0,0,0,0,0,0.0,0.0,1.2%,WR,,,,0.0,0.0,0.0,0.0,0.0,0.0,0.0
357,rickypearsall,,,,,,,,,0,0,0,0,0,0.0,0.0,7.0%,WR,,,,0.0,0.0,0.0,0.0,0.0,0.0,0.0
358,malikwashington,,,,,,,,,0,0,0,0,0,0.0,0.0,0.5%,WR,,,,0.0,0.0,0.0,0.0,0.0,0.0,0.0
359,lukemccaffrey,,,,,,,,,0,0,0,0,0,0.0,0.0,3.4%,WR,,,,0.0,0.0,0.0,0.0,0.0,0.0,0.0
360,marcusrosemy-jacksaint,,,,,,,,,0,0,0,0,0,0.0,0.0,0.0%,WR,,,,0.0,0.0,0.0,0.0,0.0,0.0,0.0
361,bubmeans,,,,,,,,,0,0,0,0,0,0.0,0.0,0.3%,WR,,,,0.0,0.0,0.0,0.0,0.0,0.0,0.0
362,joshuacephus,,,,,,,,,0,0,0,0,0,0.0,0.0,0.0%,WR,,,,0.0,0.0,0.0,0.0,0.0,0.0,0.0
363,jha'quanjackson,,,,,,,,,0,0,0,0,0,0.0,0.0,0.0%,WR,,,,0.0,0.0,0.0,0.0,0.0,0.0,0.0
364,isaiahwilliams,,,,,,,,,0,0,0,0,0,0.0,0.0,0.0%,WR,,,,0.0,0.0,0.0,0.0,0.0,0.0,0.0
365,jordanwhittington,,,,,,,,,0,0,0,0,0,0.0,0.0,0.1%,WR,,,,0.0,0.0,0.0,0.0,0.0,0.0,0.0
366,ainiassmith,,,,,,,,,0,0,0,0,0,0.0,0.0,0.2%,WR,,,,0.0,0.0,0.0,0.0,0.0,0.0,0.0
367,ramelkeyton,,,,,,,,,0,0,0,0,0,0.0,0.0,0.0%,WR,,,,0.0,0.0,0.0,0.0,0.0,0.0,0.0
368,jalenmcmillan,,,,,,,,,0,0,0,0,0,0.0,0.0,1.1%,WR,,,,0.0,0.0,0.0,0.0,0.0,0.0,0.0
369,marvinharrisonjr.,,,,,,,,,0,0,0,0,0,0.0,0.0,96.9%,WR,,,,0.0,0.0,0.0,0.0,0.0,0.0,0.0
370,troyfranklin,,,,,,,,,0,0,0,0,0,0.0,0.0,1.8%,WR,,,,0.0,0.0,0.0,0.0,0.0,0.0,0.0
371,djturner,,,,,,,,,0,0,0,0,7,0.0,0.0,0.1%,WR,,,,0.0,0.0,0.0,0.0,0.0,0.0,0.0
372,michaelbandy,,,,,,,,,0,0,0,0,1,0.0,0.0,0.0%,WR,,,,0.0,0.0,0.0,0.0,0.0,0.0,0.0
373,jacobharris,,,,,,,,,0,0,0,0,2,0.0,0.0,0.0%,WR,,,,0.0,0.0,0.0,0.0,0.0,0.0,0.0
374,raceymcmath,,,,,,,,,0,0,0,0,0,0.0,0.0,0.0%,WR,,,,0.0,0.0,0.0,0.0,0.0,0.0,0.0
375,jalencamp,,,,,,,,,0,0,0,0,0,0.0,0.0,0.0%,WR,,,,0.0,0.0,0.0,0.0,0.0,0.0,0.0
376,kawaanbaker,,,,,,,,,0,0,0,0,0,0.0,0.0,0.0%,WR,,,,0.0,0.0,0.0,0.0,0.0,0.0,0.0
377,javonbaker,,,,,,,,,0,0,0,0,0,0.0,0.0,1.0%,WR,,,,0.0,0.0,0.0,0.0,0.0,0.0,0.0
378,cornellpowell,,,,,,,,,0,0,0,0,0,0.0,0.0,0.0%,WR,,,,0.0,0.0,0.0,0.0,0.0,0.0,0.0
379,austinwatkinsjr.,,,,,,,,,0,0,0,0,0,0.0,0.0,0.0%,WR,,,,0.0,0.0,0.0,0.0,0.0,0.0,0.0
380,daxmilne,,,,,,,,,0,0,0,0,1,0.0,0.0,0.0%,WR,,,,0.0,0.0,0.0,0.0,0.0,0.0,0.0
381,jaelondarden,,,,,,,,,0,0,0,0,1,0.0,0.0,0.0%,WR,,,,0.0,0.0,0.0,0.0,0.0,0.0,0.0
382,chrisblair,,,,,,,,,0,0,0,0,1,0.0,0.0,0.0%,WR,,,,0.0,0.0,0.0,0.0,0.0,0.0,0.0
383,corneliusjohnson,,,,,,,,,0,0,0,0,0,0.0,0.0,0.1%,WR,,,,0.0,0.0,0.0,0.0,0.0,0.0,0.0
384,xavierworthy,,,,,,,,,0,0,0,0,0,0.0,0.0,80.9%,WR,,,,0.0,0.0,0.0,0.0,0.0,0.0,0.0
385,chrisautman-bell,,,,,,,,,0,0,0,0,0,0.0,0.0,0.0%,WR,,,,0.0,0.0,0.0,0.0,0.0,0.0,0.0
386,brianthomasjr.,,,,,,,,,0,0,0,0,0,0.0,0.0,71.4%,WR,,,,0.0,0.0,0.0,0.0,0.0,0.0,0.0
387,jacobcopeland,,,,,,,,,0,0,0,0,0,0.0,0.0,0.0%,WR,,,,0.0,0.0,0.0,0.0,0.0,0.0,0.0
388,jermaineburton,,,,,,,,,0,0,0,0,0,0.0,0.0,2.6%,WR,,,,0.0,0.0,0.0,0.0,0.0,0.0,0.0
389,kearisjackson,,,,,,,,,0,0,0,0,2,0.0,0.0,0.0%,WR,,,,0.0,0.0,0.0,0.0,0.0,0.0,0.0
390,malikcunningham,,,,,,,,,0,0,0,0,2,0.0,0.0,0.1%,WR,,,,0.0,0.0,0.0,0.0,0.0,0.0,0.0
391,montrellwashington,,,,,,,,,0,0,0,0,5,0.0,0.0,0.0%,WR,,,,0.0,0.0,0.0,0.0,0.0,0.0,0.0
392,darekeyoung,,,,,,,,,0,0,0,0,5,0.0,0.0,0.0%,WR,,,,0.0,0.0,0.0,0.0,0.0,0.0,0.0
393,devonallen,,,,,,,,,0,0,0,0,1,0.0,0.0,0.0%,WR,,,,0.0,0.0,0.0,0.0,0.0,0.0,0.0
394,ethanfernea,,,,,,,,,0,0,0,0,1,0.0,0.0,0.0%,WR,,,,0.0,0.0,0.0,0.0,0.0,0.0,0.0
395,dennishouston,,,,,,,,,0,0,0,0,0,0.0,0.0,0.0%,WR,,,,0.0,0.0,0.0,0.0,0.0,0.0,0.0
396,irvincharles,,,,,,,,,0,0,0,0,11,0.0,0.0,0.0%,WR,,,,0.0,1.0,0.0,0.0,0.0,0.0,0.0
397,kendricpryor,,,,,,,,,0,0,0,0,0,0.0,0.0,0.0%,WR,,,,0.0,0.0,0.0,0.0,0.0,0.0,0.0
398,raleighwebb,,,,,,,,,0,0,0,0,0,0.0,0.0,0.0%,WR,,,,0.0,0.0,0.0,0.0,0.0,0.0,0.0
399,lancemccutcheon,,,,,,,,,0,0,0,0,0,0.0,0.0,0.0%,WR,,,,0.0,0.0,0.0,0.0,0.0,0.0,0.0
400,kadendavis,,,,,,,,,0,0,0,0,0,0.0,0.0,0.0%,WR,,,,0.0,0.0,0.0,0.0,0.0,0.0,0.0
401,taymartin,,,,,,,,,0,0,0,0,1,0.0,0.0,0.0%,WR,,,,0.0,0.0,0.0,0.0,0.0,0.0,0.0
402,justinshorter,,,,,,,,,0,0,0,0,0,0.0,0.0,0.1%,WR,,,,0.0,0.0,0.0,0.0,0.0,0.0,0.0
403,xavierweaver,,,,,,,,,0,0,0,0,0,0.0,0.0,0.0%,WR,,,,0.0,0.0,0.0,0.0,0.0,0.0,0.0
404,josephngata,,,,,,,,,0,0,0,0,0,0.0,0.0,0.0%,WR,,,,0.0,0.0,0.0,0.0,0.0,0.0,0.0
405,michaelwoodsii,,,,,,,,,0,0,0,0,0,0.0,0.0,0.0%,WR,,,,0.0,0.0,0.0,0.0,0.0,0.0,0.0
406,dannygray,,,,,,,,,0,0,0,0,0,0.0,0.0,0.1%,WR,,,,0.0,0.0,0.0,0.0,0.0,0.0,0.0
407,adonaimitchell,,,,,,,,,0,0,0,0,0,0.0,0.0,15.6%,WR,,,,0.0,0.0,0.0,0.0,0.0,0.0,0.0
408,mitchelltinsley,,,,,,,,,0,0,0,0,1,0.0,0.0,0.0%,WR,,,,0.0,0.0,0.0,0.0,0.0,0.0,0.0
409,jalenvirgil,,,,,,,,,0,0,0,0,1,0.0,0.0,0.0%,WR,,,,0.0,0.0,0.0,0.0,0.0,0.0,0.0
410,braylonsanders,,,,,,,,,0,0,0,0,0,0.0,0.0,0.0%,WR,,,,0.0,0.0,0.0,0.0,0.0,0.0,0.0
411,johnnyjohnsoniii,,,,,,,,,0,0,0,0,1,0.0,0.0,0.0%,WR,,,,0.0,0.0,0.0,0.0,0.0,0.0,0.0
412,patrickedwards,,,,,,,,,0,0,0,0,0,0.0,0.0,0.0%,WR,,,,0.0,0.0,0.0,0.0,0.0,0.0,0.0
413,jordanmatthews,,,,,,,,,0,0,0,0,0,0.0,0.0,0.0%,WR,,,,0.0,0.0,0.0,0.0,0.0,0.0,0.0
414,kennymckinley,,,,,,,,,0,0,0,0,0,0.0,0.0,0.0%,WR,,,,0.0,0.0,0.0,0.0,0.0,0.0,0.0
415,mauricepurify,,,,,,,,,0,0,0,0,0,0.0,0.0,0.0%,WR,,,,0.0,0.0,0.0,0.0,0.0,0.0,0.0
416,mikefurrey,,,,,,,,,0,0,0,0,0,0.0,0.0,0.0%,WR,,,,0.0,0.0,0.0,0.0,0.0,0.0,0.0
417,matthewslater,,,,,,,,,0,0,0,0,6,0.0,0.0,0.0%,WR,,,,0.0,0.0,0.0,0.0,0.0,0.0,0.0
418,markomitchell,,,,,,,,,0,0,0,0,0,0.0,0.0,0.0%,WR,,,,0.0,0.0,0.0,0.0,0.0,0.0,0.0
419,natehughes,,,,,,,,,0,0,0,0,0,0.0,0.0,0.0%,WR,,,,0.0,0.0,0.0,0.0,0.0,0.0,0.0
420,chrishenry,,,,,,,,,0,0,0,0,0,0.0,0.0,0.0%,WR,,,,0.0,0.0,0.0,0.0,0.0,0.0,0.0
421,bobbywade,,,,,,,,,0,0,0,0,0,0.0,0.0,0.0%,WR,,,,0.0,0.0,0.0,0.0,0.0,0.0,0.0
422,demarioballard,,,,,,,,,0,0,0,0,0,0.0,0.0,0.0%,WR,,,,0.0,0.0,0.0,0.0,0.0,0.0,0.0
423,samgiguere,,,,,,,,,0,0,0,0,0,0.0,0.0,0.0%,WR,,,,0.0,0.0,0.0,0.0,0.0,0.0,0.0
424,rodharper,,,,,,,,,0,0,0,0,0,0.0,0.0,0.0%,WR,,,,0.0,0.0,0.0,0.0,0.0,0.0,0.0
425,justinhardeesr.,,,,,,,,,0,0,0,0,7,0.0,0.0,0.0%,WR,,,,0.0,0.0,0.0,0.0,0.0,0.0,0.0
426,johnross,,,,,,,,,0,0,0,0,0,0.0,0.0,0.0%,WR,,,,0.0,0.0,0.0,0.0,0.0,0.0,0.0
427,timpatrick,,,,,,,,,0,0,0,0,0,0.0,0.0,0.6%,WR,,,,0.0,0.0,0.0,0.0,0.0,0.0,0.0
428,camsims,,,,,,,,,0,0,0,0,0,0.0,0.0,0.0%,WR,,,,0.0,0.0,0.0,0.0,0.0,0.0,0.0
429,n'kealharry,,,,,,,,,0,0,0,0,8,0.0,0.0,0.1%,WR,,,,0.0,0.0,0.0,0.0,0.0,0.0,0.0
430,dantepettis,,,,,,,,,0,0,0,0,0,0.0,0.0,0.1%,WR,,,,0.0,0.0,0.0,0.0,0.0,0.0,0.0
431,tre'quansmith,,,,,,,,,0,0,0,0,2,0.0,0.0,0.0%,WR,,,,0.0,0.0,0.0,0.0,0.0,0.0,0.0
432,dauricefountain,,,,,,,,,0,0,0,0,0,0.0,0.0,0.0%,WR,,,,0.0,0.0,0.0,0.0,0.0,0.0,0.0
433,alexmcgough,,,,,,,,,0,0,0,0,0,0.0,0.0,0.0%,WR,,,,0.0,0.0,0.0,0.0,0.0,0.0,0.0
434,tymontgomeryii,,,,,,,,,3,9,0,0,13,0.0,0.0,0.0%,WR,,,,5.0,12.0,40.0,8.0,0.0,17.0,0.0
435,phillipdorsettii,,,,,,,,,0,0,0,0,2,0.0,0.0,0.0%,WR,,,,0.0,3.0,0.0,0.0,0.0,0.0,0.0
436,damierebyrd,,,,,,,,,0,0,0,0,1,0.0,0.0,0.0%,WR,,,,0.0,2.0,0.0,0.0,0.0,0.0,0.0
437,derekslywka,,,,,,,,,0,0,0,0,0,0.0,0.0,0.0%,WR,,,,0.0,0.0,0.0,0.0,0.0,0.0,0.0
438,jamesprocheii,,,,,,,,,0,0,0,1,10,-2.0,-0.2,0.0%,WR,,,,0.0,5.0,0.0,0.0,0.0,0.0,0.0
439,trenttaylor,,,,,,,,,1,-2,0,1,16,-2.2,-0.1,0.0%,WR,,,,0.0,2.0,0.0,0.0,0.0,0.0,0.0
1,samlaporta,,,,,,,,,1,4,0,0,17,153.3,9.0,98.9%,TE,,,,86.0,120.0,889.0,10.3,10.0,48.0,8.0
2,georgekittle,,,,,,,,,1,2,0,0,16,138.2,8.6,97.3%,TE,,,,65.0,90.0,1020.0,15.7,6.0,66.0,18.0
3,traviskelce,,,,,,,,,0,0,0,1,15,126.4,8.4,99.9%,TE,,,,93.0,121.0,984.0,10.6,5.0,53.0,12.0
4,t.j.hockenson,,,,,,,,,0,0,0,1,15,124.0,8.3,81.3%,TE,,,,95.0,127.0,960.0,10.1,5.0,29.0,13.0
5,davidnjoku,,,,,,,,,0,0,0,2,16,120.2,7.5,94.0%,TE,,,,81.0,123.0,882.0,10.9,6.0,43.0,12.0
6,evanengram,,,,,,,,,0,0,0,2,17,116.3,6.8,96.9%,TE,,,,114.0,143.0,963.0,8.4,4.0,34.0,9.0
7,taysomhill,,,,,,,,,81,401,4,1,16,110.5,6.9,36.4%,TE,,,,33.0,40.0,291.0,8.8,2.0,36.0,2.0
8,colekmet,,,,,,,,,3,2,0,0,17,108.1,6.4,71.6%,TE,,,,73.0,90.0,719.0,9.8,6.0,53.0,9.0
9,jakeferguson,,,,,,,,,0,0,0,0,17,106.1,6.2,89.8%,TE,,,,71.0,102.0,761.0,10.7,5.0,40.0,8.0
10,treymcbride,,,,,,,,,0,0,0,0,17,100.5,5.9,90.8%,TE,,,,81.0,106.0,825.0,10.2,3.0,38.0,9.0
11,daltonschultz,,,,,,,,,0,0,0,1,15,91.5,6.1,77.2%,TE,,,,59.0,88.0,635.0,10.8,5.0,31.0,7.0
12,markandrews,,,,,,,,,1,0,0,0,10,90.4,9.0,73.3%,TE,,,,45.0,61.0,544.0,12.1,6.0,38.0,8.0
13,kylepitts,,,,,,,,,1,-4,0,0,17,84.3,5.0,88.0%,TE,,,,53.0,90.0,667.0,12.6,3.0,39.0,7.0
14,hunterhenry,,,,,,,,,0,0,0,0,14,77.9,5.6,15.2%,TE,,,,42.0,61.0,419.0,10.0,6.0,24.0,2.0
15,daltonkincaid,,,,,,,,,0,0,0,1,16,77.3,4.8,85.8%,TE,,,,73.0,91.0,673.0,9.2,2.0,51.0,5.0
16,dallasgoedert,,,,,,,,,1,1,0,0,14,77.3,5.5,89.7%,TE,,,,59.0,83.0,592.0,10.0,3.0,49.0,6.0
17,jonnusmith,,,,,,,,,1,0,0,1,17,74.2,4.4,8.1%,TE,,,,50.0,70.0,582.0,11.6,3.0,60.0,4.0
18,loganthomas,,,,,,,,,1,2,0,2,16,71.8,4.5,19.3%,TE,,,,55.0,78.0,496.0,9.0,4.0,29.0,3.0
19,isaiahlikely,,,,,,,,,0,0,0,0,17,71.1,4.2,37.1%,TE,,,,30.0,40.0,411.0,13.7,5.0,54.0,6.0
20,cadeotton,,,,,,,,,0,0,0,1,17,69.5,4.1,16.6%,TE,,,,47.0,67.0,455.0,9.7,4.0,27.0,6.0
21,tylerconklin,,,,,,,,,1,0,0,0,17,62.1,3.7,17.8%,TE,,,,61.0,87.0,621.0,10.2,0.0,37.0,7.0
22,tylerhigbee,,,,,,,,,0,0,0,0,15,61.5,4.1,19.7%,TE,,,,47.0,70.0,495.0,10.5,2.0,33.0,6.0
23,darrenwaller,,,,,,,,,0,0,0,0,12,61.2,5.1,52.7%,TE,,,,52.0,74.0,552.0,10.6,1.0,29.0,8.0
24,juwanjohnson,,,,,,,,,0,0,0,0,13,60.8,4.7,9.7%,TE,,,,37.0,59.0,368.0,9.9,4.0,32.0,7.0
25,geraldeverett,,,,,,,,,3,10,0,0,15,60.1,4.0,23.5%,TE,,,,51.0,70.0,411.0,8.1,3.0,31.0,4.0
26,chigoziemokonkwo,,,,,,,,,2,6,0,0,17,59.4,3.5,23.7%,TE,,,,54.0,77.0,528.0,9.8,1.0,39.0,6.0
27,donaldparhamjr.,,,,,,,,,0,0,0,0,14,52.5,3.8,1.1%,TE,,,,27.0,41.0,285.0,10.6,4.0,24.0,2.0
28,tuckerkraft,,,,,,,,,0,0,0,0,17,47.5,2.8,11.4%,TE,,,,31.0,40.0,355.0,11.5,2.0,43.0,5.0
29,patfreiermuth,,,,,,,,,0,0,0,0,12,44.8,3.7,59.7%,TE,,,,32.0,47.0,308.0,9.6,2.0,29.0,3.0
30,michaelmayer,,,,,,,,,0,0,0,0,14,44.4,3.2,4.6%,TE,,,,27.0,40.0,304.0,11.3,2.0,32.0,2.0
31,kylengranson,,,,,,,,,1,2,0,0,15,43.0,2.9,0.7%,TE,,,,30.0,50.0,368.0,12.3,1.0,46.0,5.0
32,noahgray,,,,,,,,,1,1,0,0,17,42.6,2.5,0.8%,TE,,,,28.0,41.0,305.0,10.9,2.0,34.0,4.0
33,noahfant,,,,,,,,,0,0,0,0,17,41.4,2.4,2.1%,TE,,,,32.0,43.0,414.0,12.9,0.0,51.0,7.0
34,lukemusgrave,,,,,,,,,0,0,0,0,11,41.2,3.7,8.1%,TE,,,,34.0,46.0,352.0,10.4,1.0,37.0,5.0
35,tannerhudson,,,,,,,,,0,0,0,0,12,41.2,3.4,2.7%,TE,,,,39.0,50.0,352.0,9.0,1.0,26.0,3.0
36,adamtrautman,,,,,,,,,0,0,0,0,17,38.4,2.3,0.2%,TE,,,,22.0,35.0,204.0,9.3,3.0,24.0,2.0
37,tommytremble,,,,,,,,,0,0,0,0,16,37.4,2.3,0.3%,TE,,,,23.0,32.0,194.0,8.4,3.0,30.0,2.0
38,colbyparkinson,,,,,,,,,0,0,0,0,17,36.7,2.2,0.6%,TE,,,,25.0,34.0,247.0,9.9,2.0,27.0,5.0
39,durhamsmythe,,,,,,,,,0,0,0,0,16,36.6,2.3,0.7%,TE,,,,35.0,43.0,366.0,10.5,0.0,22.0,3.0
40,mikegesicki,,,,,,,,,0,0,0,0,17,36.4,2.1,2.3%,TE,,,,29.0,45.0,244.0,8.4,2.0,18.0,0.0
41,moalie-cox,,,,,,,,,0,0,0,0,17,36.1,2.1,0.1%,TE,,,,13.0,22.0,161.0,12.4,3.0,35.0,2.0
42,brevinjordan,,,,,,,,,0,0,0,0,13,33.9,2.6,5.2%,TE,,,,17.0,21.0,219.0,12.9,2.0,27.0,3.0
43,dawsonknox,,,,,,,,,0,0,0,0,12,32.6,2.7,4.7%,TE,,,,22.0,36.0,186.0,8.5,2.0,17.0,0.0
44,josholiver,,,,,,,,,0,0,0,1,17,31.3,1.8,0.6%,TE,,,,22.0,28.0,213.0,9.7,2.0,33.0,3.0
45,drewsample,,,,,,,,,0,0,0,0,17,28.3,1.7,0.1%,TE,,,,22.0,27.0,163.0,7.4,2.0,22.0,1.0
46,jimmygraham,,,,,,,,,0,0,0,0,13,27.9,2.1,0.0%,TE,,,,6.0,7.0,39.0,6.5,4.0,12.0,0.0
47,andrewbeck,,,,,,,,,5,3,1,1,15,27.8,1.9,0.1%,TE,,,,11.0,13.0,55.0,5.0,2.0,26.0,1.0
48,drewogletree,,,,,,,,,0,0,0,0,12,26.7,2.2,0.1%,TE,,,,9.0,21.0,147.0,16.3,2.0,33.0,4.0
49,danielbellinger,,,,,,,,,0,0,0,0,17,25.5,1.5,0.8%,TE,,,,25.0,28.0,255.0,10.2,0.0,26.0,4.0
50,fostermoreau,,,,,,,,,0,0,0,0,15,25.3,1.7,0.1%,TE,,,,21.0,25.0,193.0,9.2,1.0,23.0,1.0
51,harrisonbryant,,,,,,,,,5,8,0,1,17,24.9,1.5,0.1%,TE,,,,13.0,20.0,81.0,6.2,3.0,23.0,1.0
52,pharaohbrown,,,,,,,,,0,0,0,1,17,24.8,1.5,0.1%,TE,,,,13.0,15.0,208.0,16.0,1.0,58.0,5.0
53,zachertz,,,,,,,,,0,0,0,0,7,24.7,3.5,3.6%,TE,,,,27.0,43.0,187.0,6.9,1.0,17.0,0.0
54,haydenhurst,,,,,,,,,0,0,0,0,10,24.4,2.4,2.2%,TE,,,,18.0,32.0,184.0,10.2,1.0,48.0,1.0
55,austinhooper,,,,,,,,,0,0,0,0,17,23.4,1.4,0.4%,TE,,,,25.0,31.0,234.0,9.4,0.0,21.0,2.0
56,willdissly,,,,,,,,,0,0,0,0,16,23.2,1.5,0.3%,TE,,,,17.0,22.0,172.0,10.1,1.0,21.0,2.0
57,johnnymundt,,,,,,,,,0,0,0,0,17,23.2,1.4,1.5%,TE,,,,17.0,23.0,172.0,10.1,1.0,32.0,2.0
58,elijahhiggins,,,,,,,,,0,0,0,0,11,22.3,2.0,0.2%,TE,,,,14.0,19.0,163.0,11.6,1.0,26.0,3.0
59,stonesmartt,,,,,,,,,0,0,0,0,16,21.5,1.3,0.1%,TE,,,,11.0,21.0,155.0,14.1,1.0,51.0,3.0
60,willmallory,,,,,,,,,0,0,0,0,12,20.7,1.7,0.1%,TE,,,,18.0,26.0,207.0,11.5,0.0,43.0,1.0
61,lukeschoonmaker,,,,,,,,,0,0,0,0,17,18.5,1.1,0.4%,TE,,,,8.0,15.0,65.0,8.1,2.0,18.0,0.0
62,mycolepruitt,,,,,,,,,0,0,0,0,17,17.0,1.0,0.0%,TE,,,,9.0,12.0,110.0,12.2,1.0,22.0,2.0
63,connorheyward,,,,,,,,,1,0,0,0,17,16.7,1.0,0.2%,TE,,,,23.0,34.0,167.0,7.3,0.0,13.0,0.0
64,lucaskrull,,,,,,,,,0,0,0,0,7,15.5,2.2,0.1%,TE,,,,8.0,14.0,95.0,11.9,1.0,35.0,1.0
65,davisallen,,,,,,,,,0,0,0,0,15,15.5,1.0,0.1%,TE,,,,10.0,11.0,95.0,9.5,1.0,21.0,1.0
66,irvsmithjr.,,,,,,,,,0,0,0,1,12,15.5,1.3,1.7%,TE,,,,18.0,26.0,115.0,6.4,1.0,14.0,0.0
67,lukefarrell,,,,,,,,,0,0,0,0,17,15.5,0.9,0.1%,TE,,,,13.0,15.0,155.0,11.9,0.0,42.0,2.0
68,joshwhyle,,,,,,,,,0,0,0,0,11,15.4,1.4,0.1%,TE,,,,9.0,15.0,94.0,10.4,1.0,24.0,1.0
69,jeremyruckert,,,,,,,,,0,0,0,0,15,15.1,1.0,0.2%,TE,,,,16.0,22.0,151.0,9.4,0.0,23.0,1.0
70,brockwright,,,,,,,,,0,0,0,0,14,15.1,1.1,0.2%,TE,,,,13.0,14.0,91.0,7.0,1.0,25.0,1.0
71,johnbates,,,,,,,,,0,0,0,0,17,15.1,0.9,0.1%,TE,,,,19.0,28.0,151.0,7.9,0.0,35.0,1.0
72,charliekolar,,,,,,,,,0,0,0,0,14,14.7,1.1,0.1%,TE,,,,7.0,9.0,87.0,12.4,1.0,19.0,0.0
73,jordanakins,,,,,,,,,0,0,0,0,17,13.2,0.8,0.1%,TE,,,,15.0,23.0,132.0,8.8,0.0,28.0,1.0
74,stephensullivan,,,,,,,,,0,0,0,0,11,12.5,1.1,0.1%,TE,,,,12.0,24.0,125.0,10.4,0.0,20.0,1.0
75,coleturner,,,,,,,,,0,0,0,0,12,12.0,1.0,0.1%,TE,,,,11.0,15.0,120.0,10.9,0.0,29.0,2.0
76,c.j.uzomah,,,,,,,,,0,0,0,0,12,11.8,1.0,0.1%,TE,,,,8.0,12.0,58.0,7.3,1.0,19.0,0.0
77,roberttonyan,,,,,,,,,0,0,0,0,17,11.2,0.7,0.1%,TE,,,,11.0,17.0,112.0,10.2,0.0,24.0,1.0
78,brentonstrange,,,,,,,,,0,0,0,0,14,9.5,0.7,0.1%,TE,,,,5.0,9.0,35.0,7.0,1.0,17.0,0.0
79,geoffswaim,,,,,,,,,0,0,0,0,14,9.4,0.7,0.0%,TE,,,,10.0,11.0,94.0,9.4,0.0,26.0,1.0
80,marcedeslewis,,,,,,,,,0,0,0,0,17,8.9,0.5,0.1%,TE,,,,4.0,5.0,29.0,7.3,1.0,16.0,0.0
81,quintinmorris,,,,,,,,,0,0,0,0,15,8.6,0.6,0.1%,TE,,,,2.0,3.0,26.0,13.0,1.0,15.0,0.0
82,bensims,,,,,,,,,0,0,0,0,16,8.1,0.5,0.1%,TE,,,,4.0,6.0,21.0,5.3,1.0,12.0,0.0
83,brycenhopkins,,,,,,,,,0,0,0,0,15,7.8,0.5,0.0%,TE,,,,5.0,7.0,78.0,15.6,0.0,29.0,2.0
84,blakebell,,,,,,,,,0,0,0,1,17,6.6,0.4,0.0%,TE,,,,5.0,9.0,26.0,5.2,1.0,8.0,0.0
85,josiahdeguara,,,,,,,,,0,0,0,0,15,6.5,0.4,0.0%,TE,,,,8.0,8.0,65.0,8.1,0.0,19.0,0.0
86,kokieft,,,,,,,,,0,0,0,0,16,6.2,0.4,0.1%,TE,,,,1.0,5.0,2.0,2.0,1.0,2.0,0.0
87,darnellwashington,,,,,,,,,0,0,0,0,17,6.1,0.4,0.4%,TE,,,,7.0,10.0,61.0,8.7,0.0,12.0,0.0
88,paynedurham,,,,,,,,,0,0,0,0,13,5.8,0.4,0.1%,TE,,,,5.0,7.0,58.0,11.6,0.0,25.0,1.0
89,ianthomas,,,,,,,,,0,0,0,0,12,5.6,0.5,0.1%,TE,,,,5.0,9.0,56.0,11.2,0.0,28.0,1.0
90,mitchellwilcox,,,,,,,,,0,0,0,0,17,5.6,0.3,0.0%,TE,,,,9.0,12.0,56.0,6.2,0.0,12.0,0.0
91,grantcalcaterra,,,,,,,,,0,0,0,0,14,3.9,0.3,0.1%,TE,,,,4.0,4.0,39.0,9.8,0.0,12.0,0.0
92,jackstoll,,,,,,,,,0,0,0,0,17,3.8,0.2,0.0%,TE,,,,5.0,8.0,38.0,7.6,0.0,14.0,0.0
93,peytonhendershot,,,,,,,,,1,0,0,0,8,3.8,0.5,0.1%,TE,,,,4.0,7.0,38.0,9.5,0.0,24.0,1.0
94,teaganquitoriano,,,,,,,,,0,0,0,0,7,3.3,0.5,0.0%,TE,,,,2.0,3.0,33.0,16.5,0.0,22.0,1.0
95,charliewoerner,,,,,,,,,0,0,0,0,17,3.2,0.2,0.1%,TE,,,,3.0,3.0,32.0,10.7,0.0,20.0,1.0
96,julianhill,,,,,,,,,0,0,0,1,15,2.8,0.2,0.0%,TE,,,,6.0,9.0,48.0,8.0,0.0,18.0,0.0
97,jamesmitchell,,,,,,,,,0,0,0,0,14,2.8,0.2,0.1%,TE,,,,2.0,2.0,28.0,14.0,0.0,24.0,1.0
98,kennyyeboah,,,,,,,,,0,0,0,0,5,2.8,0.6,0.0%,TE,,,,2.0,4.0,28.0,14.0,0.0,20.0,1.0
99,gregdulcich,,,,,,,,,0,0,0,0,2,2.5,1.3,3.9%,TE,,,,3.0,4.0,25.0,8.3,0.0,13.0,0.0
100,nateadkins,,,,,,,,,0,0,0,0,10,2.2,0.2,0.0%,TE,,,,4.0,5.0,22.0,5.5,0.0,11.0,0.0
101,nickmuse,,,,,,,,,0,0,0,0,1,2.2,2.2,0.0%,TE,,,,1.0,1.0,22.0,22.0,0.0,22.0,1.0
102,trevonwesco,,,,,,,,,0,0,0,0,15,2.1,0.1,0.0%,TE,,,,1.0,3.0,21.0,21.0,0.0,21.0,1.0
103,chrismanhertz,,,,,,,,,0,0,0,0,16,1.6,0.1,0.0%,TE,,,,2.0,4.0,16.0,8.0,0.0,10.0,0.0
104,ericsaubert,,,,,,,,,0,0,0,0,8,1.2,0.2,0.0%,TE,,,,3.0,3.0,12.0,4.0,0.0,5.0,0.0
105,rossdwelley,,,,,,,,,0,0,0,0,12,1.2,0.1,0.0%,TE,,,,1.0,2.0,12.0,12.0,0.0,12.0,0.0
106,johnfitzpatrick,,,,,,,,,0,0,0,0,7,1.2,0.2,0.0%,TE,,,,1.0,1.0,12.0,12.0,0.0,12.0,0.0
107,tuckerfisk,,,,,,,,,0,0,0,0,6,0.9,0.2,0.1%,TE,,,,1.0,1.0,9.0,9.0,0.0,9.0,0.0
108,colefotheringham,,,,,,,,,0,0,0,0,2,0.6,0.3,0.0%,TE,,,,1.0,1.0,6.0,6.0,0.0,6.0,0.0
109,kevinrader,,,,,,,,,0,0,0,0,14,0.6,0.0,0.0%,TE,,,,1.0,3.0,6.0,6.0,0.0,6.0,0.0
110,jesperhorsted,,,,,,,,,0,0,0,0,5,0.4,0.1,0.0%,TE,,,,1.0,1.0,4.0,4.0,0.0,4.0,0.0
111,nickvannett,,,,,,,,,0,0,0,0,8,0.3,0.0,0.0%,TE,,,,1.0,1.0,3.0,3.0,0.0,3.0,0.0
112,giovanniricci,,,,,,,,,0,0,0,0,6,0.2,0.0,0.1%,TE,,,,1.0,1.0,2.0,2.0,0.0,2.0,0.0
113,mattsokol,,,,,,,,,0,0,0,0,4,0.0,0.0,0.0%,TE,,,,0.0,0.0,0.0,0.0,0.0,0.0,0.0
114,mattorzech,,,,,,,,,0,0,0,0,0,0.0,0.0,0.0%,TE,,,,0.0,0.0,0.0,0.0,0.0,0.0,0.0
115,parkerhesse,,,,,,,,,0,0,0,0,3,0.0,0.0,0.0%,TE,,,,0.0,0.0,0.0,0.0,0.0,0.0,0.0
116,mitchellfraboni,,,,,,,,,0,0,0,0,6,0.0,0.0,0.0%,TE,,,,0.0,0.0,0.0,0.0,0.0,0.0,0.0
117,tommysweeney,,,,,,,,,0,0,0,0,0,0.0,0.0,0.0%,TE,,,,0.0,0.0,0.0,0.0,0.0,0.0,0.0
118,tyreejackson,,,,,,,,,0,0,0,0,2,0.0,0.0,0.0%,TE,,,,0.0,0.0,0.0,0.0,0.0,0.0,0.0
119,zachgentry,,,,,,,,,0,0,0,0,1,0.0,0.0,0.0%,TE,,,,0.0,0.0,0.0,0.0,0.0,0.0,0.0
120,stephencarlson,,,,,,,,,0,0,0,0,0,0.0,0.0,0.1%,TE,,,,0.0,0.0,0.0,0.0,0.0,0.0,0.0
121,jodyfortsonjr.,,,,,,,,,0,0,0,0,0,0.0,0.0,0.1%,TE,,,,0.0,0.0,0.0,0.0,0.0,0.0,0.0
122,daltonkeene,,,,,,,,,0,0,0,0,2,0.0,0.0,0.0%,TE,,,,0.0,0.0,0.0,0.0,0.0,0.0,0.0
123,noahtogiai,,,,,,,,,0,0,0,0,1,0.0,0.0,0.0%,TE,,,,0.0,0.0,0.0,0.0,0.0,0.0,0.0
124,lawrencecager,,,,,,,,,0,0,0,0,9,0.0,0.0,0.0%,TE,,,,4.0,5.0,36.0,9.0,1.0,10.0,0.0
125,tylermabry,,,,,,,,,0,0,0,0,0,0.0,0.0,0.0%,TE,,,,0.0,0.0,0.0,0.0,0.0,0.0,0.0
126,seanmckeon,,,,,,,,,0,0,0,0,9,0.0,0.0,0.0%,TE,,,,0.0,2.0,0.0,0.0,0.0,0.0,0.0
127,tylerdavis,,,,,,,,,0,0,0,0,0,0.0,0.0,0.0%,TE,,,,0.0,0.0,0.0,0.0,0.0,0.0,0.0
128,scottywashington,,,,,,,,,0,0,0,0,0,0.0,0.0,0.0%,TE,,,,0.0,0.0,0.0,0.0,0.0,0.0,0.0
129,tommyhudson,,,,,,,,,0,0,0,0,0,0.0,0.0,0.0%,TE,,,,0.0,0.0,0.0,0.0,0.0,0.0,0.0
130,cadestover,,,,,,,,,0,0,0,0,0,0.0,0.0,0.5%,TE,,,,0.0,0.0,0.0,0.0,0.0,0.0,0.0
131,zackkuntz,,,,,,,,,0,0,0,0,2,0.0,0.0,0.0%,TE,,,,0.0,0.0,0.0,0.0,0.0,0.0,0.0
132,braydenwillis,,,,,,,,,0,0,0,0,7,0.0,0.0,0.0%,TE,,,,0.0,0.0,0.0,0.0,0.0,0.0,0.0
133,derekparish,,,,,,,,,0,0,0,0,1,0.0,0.0,0.0%,TE,,,,0.0,0.0,0.0,0.0,0.0,0.0,0.0
134,joelwilson,,,,,,,,,0,0,0,0,0,0.0,0.0,0.0%,TE,,,,0.0,0.0,0.0,0.0,0.0,0.0,0.0
135,blakewhiteheart,,,,,,,,,0,0,0,0,1,0.0,0.0,0.0%,TE,,,,0.0,0.0,0.0,0.0,0.0,0.0,0.0
136,henrypearson,,,,,,,,,0,0,0,0,2,0.0,0.0,0.0%,TE,,,,0.0,0.0,0.0,0.0,0.0,0.0,0.0
137,patrickmurtagh,,,,,,,,,0,0,0,0,0,0.0,0.0,0.0%,TE,,,,0.0,0.0,0.0,0.0,0.0,0.0,0.0
138,bradyrussell,,,,,,,,,0,0,0,0,10,0.0,0.0,0.0%,TE,,,,0.0,0.0,0.0,0.0,0.0,0.0,0.0
139,e.j.jenkins,,,,,,,,,0,0,0,0,0,0.0,0.0,0.0%,TE,,,,0.0,0.0,0.0,0.0,0.0,0.0,0.0
140,travisvokolek,,,,,,,,,0,0,0,0,2,0.0,0.0,0.0%,TE,,,,0.0,0.0,0.0,0.0,0.0,0.0,0.0
141,thomasodukoya,,,,,,,,,0,0,0,0,0,0.0,0.0,0.0%,TE,,,,0.0,0.0,0.0,0.0,0.0,0.0,0.0
142,tannertaula,,,,,,,,,0,0,0,0,0,0.0,0.0,0.0%,TE,,,,0.0,0.0,0.0,0.0,0.0,0.0,0.0
143,rodneywilliams,,,,,,,,,0,0,0,0,13,0.0,0.0,0.0%,TE,,,,0.0,2.0,0.0,0.0,0.0,0.0,0.0
144,chrispiercejr.,,,,,,,,,0,0,0,0,1,0.0,0.0,0.0%,TE,,,,0.0,0.0,0.0,0.0,0.0,0.0,0.0
145,leroywatsoniv,,,,,,,,,0,0,0,0,4,0.0,0.0,0.0%,TE,,,,0.0,0.0,0.0,0.0,0.0,0.0,0.0
146,dallinholker,,,,,,,,,0,0,0,0,0,0.0,0.0,0.0%,TE,,,,0.0,0.0,0.0,0.0,0.0,0.0,0.0
147,jaheimbell,,,,,,,,,0,0,0,0,0,0.0,0.0,0.1%,TE,,,,0.0,0.0,0.0,0.0,0.0,0.0,0.0
148,kehindeoginnihassan,,,,,,,,,0,0,0,0,0,0.0,0.0,0.0%,TE,,,,0.0,0.0,0.0,0.0,0.0,0.0,0.0
149,jaketonges,,,,,,,,,0,0,0,0,0,0.0,0.0,0.0%,TE,,,,0.0,0.0,0.0,0.0,0.0,0.0,0.0
150,zairemitchell-paden,,,,,,,,,0,0,0,0,0,0.0,0.0,0.0%,TE,,,,0.0,0.0,0.0,0.0,0.0,0.0,0.0
151,alecholler,,,,,,,,,0,0,0,0,0,0.0,0.0,0.0%,TE,,,,0.0,0.0,0.0,0.0,0.0,0.0,0.0
152,tipreiman,,,,,,,,,0,0,0,0,0,0.0,0.0,0.1%,TE,,,,0.0,0.0,0.0,0.0,0.0,0.0,0.0
153,jacobwarren,,,,,,,,,0,0,0,0,0,0.0,0.0,0.0%,TE,,,,0.0,0.0,0.0,0.0,0.0,0.0,0.0
154,jackwestover,,,,,,,,,0,0,0,0,0,0.0,0.0,0.0%,TE,,,,0.0,0.0,0.0,0.0,0.0,0.0,0.0
155,brendenbates,,,,,,,,,0,0,0,0,0,0.0,0.0,0.0%,TE,,,,0.0,0.0,0.0,0.0,0.0,0.0,0.0
156,messiahswinson,,,,,,,,,0,0,0,0,0,0.0,0.0,0.0%,TE,,,,0.0,0.0,0.0,0.0,0.0,0.0,0.0
157,devinculp,,,,,,,,,0,0,0,0,0,0.0,0.0,0.0%,TE,,,,0.0,0.0,0.0,0.0,0.0,0.0,0.0
158,lukebenson,,,,,,,,,0,0,0,0,0,0.0,0.0,0.0%,TE,,,,0.0,0.0,0.0,0.0,0.0,0.0,0.0
159,colsonyankoff,,,,,,,,,0,0,0,0,0,0.0,0.0,0.0%,TE,,,,0.0,0.0,0.0,0.0,0.0,0.0,0.0
160,stevenstilianos,,,,,,,,,0,0,0,0,0,0.0,0.0,0.0%,TE,,,,0.0,0.0,0.0,0.0,0.0,0.0,0.0
161,treytonwelch,,,,,,,,,0,0,0,0,0,0.0,0.0,0.0%,TE,,,,0.0,0.0,0.0,0.0,0.0,0.0,0.0
162,masonpline,,,,,,,,,0,0,0,0,0,0.0,0.0,0.0%,TE,,,,0.0,0.0,0.0,0.0,0.0,0.0,0.0
163,jjaymcafee,,,,,,,,,0,0,0,0,0,0.0,0.0,0.0%,TE,,,,0.0,0.0,0.0,0.0,0.0,0.0,0.0
164,thomasyassmin,,,,,,,,,0,0,0,0,0,0.0,0.0,0.0%,TE,,,,0.0,0.0,0.0,0.0,0.0,0.0,0.0
165,nealjohnson,,,,,,,,,0,0,0,0,0,0.0,0.0,0.0%,TE,,,,0.0,0.0,0.0,0.0,0.0,0.0,0.0
166,trentpennix,,,,,,,,,0,0,0,0,0,0.0,0.0,0.0%,TE,,,,0.0,0.0,0.0,0.0,0.0,0.0,0.0
167,kevinfoelsch,,,,,,,,,0,0,0,0,0,0.0,0.0,0.0%,TE,,,,0.0,0.0,0.0,0.0,0.0,0.0,0.0
168,shawnbowman,,,,,,,,,0,0,0,0,0,0.0,0.0,0.0%,TE,,,,0.0,0.0,0.0,0.0,0.0,0.0,0.0
169,lincolnsefcik,,,,,,,,,0,0,0,0,0,0.0,0.0,0.0%,TE,,,,0.0,0.0,0.0,0.0,0.0,0.0,0.0
170,mikerigerman,,,,,,,,,0,0,0,0,0,0.0,0.0,0.0%,TE,,,,0.0,0.0,0.0,0.0,0.0,0.0,0.0
171,rileysharp,,,,,,,,,0,0,0,0,0,0.0,0.0,0.0%,TE,,,,0.0,0.0,0.0,0.0,0.0,0.0,0.0
172,joshualingenfelter,,,,,,,,,0,0,0,0,0,0.0,0.0,0.0%,TE,,,,0.0,0.0,0.0,0.0,0.0,0.0,0.0
173,treytonpickering,,,,,,,,,0,0,0,0,0,0.0,0.0,0.0%,TE,,,,0.0,0.0,0.0,0.0,0.0,0.0,0.0
174,alexlarson,,,,,,,,,0,0,0,0,0,0.0,0.0,0.0%,TE,,,,0.0,0.0,0.0,0.0,0.0,0.0,0.0
175,eastondean,,,,,,,,,0,0,0,0,0,0.0,0.0,0.0%,TE,,,,0.0,0.0,0.0,0.0,0.0,0.0,0.0
176,davidmartin-robinson,,,,,,,,,0,0,0,0,0,0.0,0.0,0.0%,TE,,,,0.0,0.0,0.0,0.0,0.0,0.0,0.0
177,masonfairchild,,,,,,,,,0,0,0,0,0,0.0,0.0,0.0%,TE,,,,0.0,0.0,0.0,0.0,0.0,0.0,0.0
178,camgrandy,,,,,,,,,0,0,0,0,0,0.0,0.0,0.0%,TE,,,,0.0,0.0,0.0,0.0,0.0,0.0,0.0
179,johnsamuelshenker,,,,,,,,,0,0,0,0,0,0.0,0.0,0.0%,TE,,,,0.0,0.0,0.0,0.0,0.0,0.0,0.0
180,jordanmurray,,,,,,,,,0,0,0,0,0,0.0,0.0,0.0%,TE,,,,0.0,0.0,0.0,0.0,0.0,0.0,0.0
181,princetonfant,,,,,,,,,0,0,0,0,0,0.0,0.0,0.0%,TE,,,,0.0,0.0,0.0,0.0,0.0,0.0,0.0
182,johnstephensjr.,,,,,,,,,0,0,0,0,0,0.0,0.0,0.0%,TE,,,,0.0,0.0,0.0,0.0,0.0,0.0,0.0
183,brevynspann-ford,,,,,,,,,0,0,0,0,0,0.0,0.0,0.0%,TE,,,,0.0,0.0,0.0,0.0,0.0,0.0,0.0
184,zachheins,,,,,,,,,0,0,0,0,0,0.0,0.0,0.0%,TE,,,,0.0,0.0,0.0,0.0,0.0,0.0,0.0
185,mccallancastles,,,,,,,,,0,0,0,0,0,0.0,0.0,0.0%,TE,,,,0.0,0.0,0.0,0.0,0.0,0.0,0.0
186,tannermclachlan,,,,,,,,,0,0,0,0,0,0.0,0.0,0.0%,TE,,,,0.0,0.0,0.0,0.0,0.0,0.0,0.0
187,jaredwiley,,,,,,,,,0,0,0,0,0,0.0,0.0,0.3%,TE,,,,0.0,0.0,0.0,0.0,0.0,0.0,0.0
188,ajbarner,,,,,,,,,0,0,0,0,0,0.0,0.0,0.1%,TE,,,,0.0,0.0,0.0,0.0,0.0,0.0,0.0
189,bensinnott,,,,,,,,,0,0,0,0,0,0.0,0.0,4.6%,TE,,,,0.0,0.0,0.0,0.0,0.0,0.0,0.0
190,la'michaelpettway,,,,,,,,,0,0,0,0,0,0.0,0.0,0.0%,TE,,,,0.0,0.0,0.0,0.0,0.0,0.0,0.0
191,mattbushman,,,,,,,,,0,0,0,0,1,0.0,0.0,0.0%,TE,,,,0.0,0.0,0.0,0.0,0.0,0.0,0.0
192,treyknox,,,,,,,,,0,0,0,0,0,0.0,0.0,0.0%,TE,,,,0.0,0.0,0.0,0.0,0.0,0.0,0.0
193,brockbowers,,,,,,,,,0,0,0,0,0,0.0,0.0,83.2%,TE,,,,0.0,0.0,0.0,0.0,0.0,0.0,0.0
194,austinstogner,,,,,,,,,0,0,0,0,0,0.0,0.0,0.0%,TE,,,,0.0,0.0,0.0,0.0,0.0,0.0,0.0
195,theojohnson,,,,,,,,,0,0,0,0,0,0.0,0.0,0.8%,TE,,,,0.0,0.0,0.0,0.0,0.0,0.0,0.0
196,malcolmepps,,,,,,,,,0,0,0,0,0,0.0,0.0,0.0%,TE,,,,0.0,0.0,0.0,0.0,0.0,0.0,0.0
197,baylorcupp,,,,,,,,,0,0,0,0,0,0.0,0.0,0.0%,TE,,,,0.0,0.0,0.0,0.0,0.0,0.0,0.0
198,millerforristall,,,,,,,,,0,0,0,0,0,0.0,0.0,0.0%,TE,,,,0.0,0.0,0.0,0.0,0.0,0.0,0.0
199,tre'mckitty,,,,,,,,,0,0,0,0,6,0.0,0.0,0.0%,TE,,,,0.0,0.0,0.0,0.0,0.0,0.0,0.0
200,hunterlong,,,,,,,,,0,0,0,0,3,0.0,0.0,0.1%,TE,,,,0.0,0.0,0.0,0.0,0.0,0.0,0.0
201,albertokwuegbunamjr.,,,,,,,,,0,0,0,0,4,0.0,0.0,0.1%,TE,,,,0.0,1.0,0.0,0.0,0.0,0.0,0.0
202,sammisreyes,,,,,,,,,0,0,0,0,0,0.0,0.0,0.0%,TE,,,,0.0,0.0,0.0,0.0,0.0,0.0,0.0
203,cameronlatu,,,,,,,,,0,0,0,0,0,0.0,0.0,0.1%,TE,,,,0.0,0.0,0.0,0.0,0.0,0.0,0.0
204,erickalljr.,,,,,,,,,0,0,0,0,0,0.0,0.0,0.4%,TE,,,,0.0,0.0,0.0,0.0,0.0,0.0,0.0
205,nikolakalinic,,,,,,,,,0,0,0,0,0,0.0,0.0,0.0%,TE,,,,0.0,0.0,0.0,0.0,0.0,0.0,0.0
206,tannerconner,,,,,,,,,0,0,0,0,3,0.0,0.0,0.0%,TE,,,,0.0,0.0,0.0,0.0,0.0,0.0,0.0
207,gerritprince,,,,,,,,,0,0,0,0,0,0.0,0.0,0.0%,TE,,,,0.0,0.0,0.0,0.0,0.0,0.0,0.0
208,armanirogers,,,,,,,,,0,0,0,0,0,0.0,0.0,0.0%,TE,,,,0.0,0.0,0.0,0.0,0.0,0.0,0.0
209,ja'tavionsanders,,,,,,,,,0,0,0,0,0,0.0,0.0,1.1%,TE,,,,0.0,0.0,0.0,0.0,0.0,0.0,0.0
210,jelaniwoods,,,,,,,,,0,0,0,0,0,0.0,0.0,1.2%,TE,,,,0.0,0.0,0.0,0.0,0.0,0.0,0.0
211,jacobharris,,,,,,,,,0,0,0,0,2,0.0,0.0,0.0%,TE,,,,0.0,0.0,0.0,0.0,0.0,0.0,0.0
212,joshpederson,,,,,,,,,0,0,0,0,2,0.0,0.0,0.0%,TE,,,,0.0,0.0,0.0,0.0,0.0,0.0,0.0
213,benmason,,,,,,,,,0,0,0,0,1,0.0,0.0,0.0%,TE,,,,0.0,0.0,0.0,0.0,0.0,0.0,0.0
214,hunterkampmoyer,,,,,,,,,0,0,0,0,1,0.0,0.0,0.0%,TE,,,,0.0,0.0,0.0,0.0,0.0,0.0,0.0
215,zachdavidson,,,,,,,,,0,0,0,0,0,0.0,0.0,0.0%,TE,,,,0.0,0.0,0.0,0.0,0.0,0.0,0.0
216,bernhardseikovits,,,,,,,,,0,0,0,0,0,0.0,0.0,0.0%,TE,,,,0.0,0.0,0.0,0.0,0.0,0.0,0.0
217,michaeljacobson,,,,,,,,,0,0,0,0,0,0.0,0.0,0.0%,TE,,,,0.0,0.0,0.0,0.0,0.0,0.0,0.0
218,shanezylstra,,,,,,,,,0,0,0,0,0,0.0,0.0,0.0%,TE,,,,0.0,0.0,0.0,0.0,0.0,0.0,0.0
219,dominiquecurry,,,,,,,,,0,0,0,0,0,0.0,0.0,0.0%,TE,,,,0.0,0.0,0.0,0.0,0.0,0.0,0.0
220,drakedunsmore,,,,,,,,,0,0,0,0,0,0.0,0.0,0.0%,TE,,,,0.0,0.0,0.0,0.0,0.0,0.0,0.0
221,jordanmatthews,,,,,,,,,0,0,0,0,0,0.0,0.0,0.0%,TE,,,,0.0,0.0,0.0,0.0,0.0,0.0,0.0
222,derekfine,,,,,,,,,0,0,0,0,0,0.0,0.0,0.0%,TE,,,,0.0,0.0,0.0,0.0,0.0,0.0,0.0
223,j.p.foschi,,,,,,,,,0,0,0,0,0,0.0,0.0,0.0%,TE,,,,0.0,0.0,0.0,0.0,0.0,0.0,0.0
224,darnelldinkins,,,,,,,,,0,0,0,0,0,0.0,0.0,0.0%,TE,,,,0.0,0.0,0.0,0.0,0.0,0.0,0.0
225,bradcottam,,,,,,,,,0,0,0,0,0,0.0,0.0,0.0%,TE,,,,0.0,0.0,0.0,0.0,0.0,0.0,0.0
226,joeyhaynos,,,,,,,,,0,0,0,0,0,0.0,0.0,0.0%,TE,,,,0.0,0.0,0.0,0.0,0.0,0.0,0.0
227,jamesdearth,,,,,,,,,0,0,0,0,0,0.0,0.0,0.0%,TE,,,,0.0,0.0,0.0,0.0,0.0,0.0,0.0
228,marquezbranson,,,,,,,,,0,0,0,0,0,0.0,0.0,0.0%,TE,,,,0.0,0.0,0.0,0.0,0.0,0.0,0.0
229,keithzinger,,,,,,,,,0,0,0,0,0,0.0,0.0,0.0%,TE,,,,0.0,0.0,0.0,0.0,0.0,0.0,0.0
230,justinsnow,,,,,,,,,0,0,0,0,0,0.0,0.0,0.0%,TE,,,,0.0,0.0,0.0,0.0,0.0,0.0,0.0
231,n'kealharry,,,,,,,,,0,0,0,0,8,0.0,0.0,0.1%,TE,,,,0.0,0.0,0.0,0.0,0.0,0.0,0.0
232,anthonyfirkser,,,,,,,,,0,0,0,0,1,0.0,0.0,0.0%,TE,,,,0.0,0.0,0.0,0.0,0.0,0.0,0.0
233,darrelldaniels,,,,,,,,,0,0,0,0,3,0.0,0.0,0.0%,TE,,,,0.0,0.0,0.0,0.0,0.0,0.0,0.0
234,j.p.holtz,,,,,,,,,0,0,0,0,1,0.0,0.0,0.0%,TE,,,,0.0,0.0,0.0,0.0,0.0,0.0,0.0
235,zachwood,,,,,,,,,0,0,0,0,4,0.0,0.0,0.0%,TE,,,,0.0,0.0,0.0,0.0,0.0,0.0,0.0
236,jordanthomas,,,,,,,,,0,0,0,0,1,0.0,0.0,0.0%,TE,,,,0.0,0.0,0.0,0.0,0.0,0.0,0.0
237,tylerkroft,,,,,,,,,0,0,0,0,6,0.0,0.0,0.0%,TE,,,,0.0,0.0,0.0,0.0,0.0,0.0,0.0
238,patrickscales,,,,,,,,,0,0,0,0,1,0.0,0.0,0.0%,TE,,,,0.0,0.0,0.0,0.0,0.0,0.0,0.0
239,jameswinchester,,,,,,,,,0,0,0,0,1,0.0,0.0,0.0%,TE,,,,0.0,0.0,0.0,0.0,0.0,0.0,0.0
240,tylerott,,,,,,,,,0,0,0,0,3,0.0,0.0,0.0%,TE,,,,0.0,0.0,0.0,0.0,0.0,0.0,0.0
241,stephenanderson,,,,,,,,,0,0,0,0,3,0.0,0.0,0.0%,TE,,,,0.0,0.0,0.0,0.0,0.0,0.0,0.0
242,andrewdepaola,,,,,,,,,0,0,0,0,3,0.0,0.0,0.0%,TE,,,,0.0,0.0,0.0,0.0,0.0,0.0,0.0
243,erictomlinson,,,,,,,,,0,0,0,0,0,0.0,0.0,0.0%,TE,,,,0.0,0.0,0.0,0.0,0.0,0.0,0.0
244,haydenrucci,,,,,,,,,0,0,0,0,0,0.0,0.0,0.0%,TE,,,,0.0,0.0,0.0,0.0,0.0,0.0,0.0
245,davidwells,,,,,,,,,0,0,0,0,5,-1.0,-0.2,0.0%,TE,,,,2.0,2.0,-10.0,-5.0,0.0,1.0,0.0
