WR_REC,WR_TGT,WR_REC_YDS,WR_REC_YDS,WR_REC_TD,WR_REC_TD,WR_FPTS,player_name,Position
6,7,120,0,3,0,30.0,stefondiggs(hou),WR
9,13,175,0,2,0,29.5,a.j.brown(phi),WR
7,9,168,0,2,0,28.8,nicocollins(hou),WR
9,10,163,0,1,0,22.3,pukanacua(lar),WR
6,9,85,0,2,0,20.5,justinjefferson(min),WR
7,7,76,0,2,0,19.6,michaelwilson(ari),WR
8,9,131,0,1,0,19.1,djmoore(chi),WR
6,6,148,0,0,0,14.8,brandonaiyuk(sf),WR
3,3,61,0,1,0,12.1,gabedavis(jac),WR
3,3,61,0,1,0,12.1,allenlazard(nyj),WR
4,4,45,11,1,0,11.6,deventhompkins(fa),WR
5,7,56,0,1,0,11.6,amon-rast.brown(det),WR
6,6,43,11,1,0,11.4,braxtonberrios(mia),WR
8,11,114,0,0,0,11.4,chrisgodwin(tb),WR
7,8,51,1,0,1,11.2,curtissamuel(buf),WR
5,6,51,0,1,0,11.1,nickwestbrook-ikhine(ten),WR
4,6,36,12,1,0,10.8,ceedeelamb(dal),WR
2,2,38,0,1,0,9.8,calvinridley(ten),WR
7,10,96,0,0,0,9.6,hollywoodbrown(kc),WR
9,13,95,0,0,0,9.5,romeodoubs(gb),WR
3,4,34,0,1,0,9.4,dkmetcalf(sea),WR
3,5,32,0,1,0,9.2,keenanallen(chi),WR
3,7,28,0,1,0,8.8,drakelondon(atl),WR
4,9,27,0,1,0,8.7,jahandotson(phi),WR
3,5,27,0,1,0,8.7,courtlandsutton(den),WR
8,10,86,0,0,0,8.6,terrymclaurin(was),WR
2,4,25,0,1,0,8.5,christianwatson(gb),WR
8,12,84,0,0,0,8.4,christiankirk(jac),WR
7,8,76,6,0,0,8.2,adamthielen(car),WR
7,9,78,0,0,0,7.8,devontasmith(phi),WR
3,8,77,0,0,0,7.7,joshuapalmer(lac),WR
8,13,75,0,0,0,7.5,davanteadams(lv),WR
3,5,55,0,0,0,7.5,jaydenreed(gb),WR
7,9,73,0,0,0,7.3,ja'marrchase(cin),WR
3,5,58,14,0,0,7.2,tyreekhill(mia),WR
3,6,69,0,0,0,6.9,joshreynolds(den),WR
2,2,16,51,0,0,6.7,deriusdavis(lac),WR
2,3,6,0,1,0,6.6,treypalmer(tb),WR
1,1,4,0,1,0,6.4,brandonjohnson(den),WR
4,6,63,0,0,0,6.3,deandrehopkins(ten),WR
5,6,60,0,0,0,6.0,michaelgallup(fa),WR
9,14,60,0,0,0,6.0,garrettwilson(nyj),WR
9,10,56,0,0,0,5.6,terracemarshalljr.(car),WR
4,6,54,0,0,0,5.4,tylerlockett(sea),WR
4,4,53,0,0,0,5.3,jalentolbert(dal),WR
4,6,53,0,0,0,5.3,michaelthomas(fa),WR
3,5,52,0,0,0,5.2,jerryjeudy(cle),WR
1,1,5,46,0,0,5.1,kavontaeturpin(dal),WR
2,3,51,0,0,0,5.1,dyamibrown(was),WR
4,4,51,0,0,0,5.1,darnellmooney(atl),WR
3,4,56,-6,0,0,5.0,zayflowers(bal),WR
2,2,47,0,0,0,4.7,marvinmimsjr.(den),WR
5,6,40,7,0,0,4.7,wan'dalerobinson(nyg),WR
4,5,46,0,0,0,4.6,jaylenwaddle(mia),WR
2,3,45,0,0,0,4.5,demariodouglas(ne),WR
1,3,44,0,0,0,4.4,chrismoore(ari),WR
3,3,40,0,0,0,4.0,mikeevans(tb),WR
1,1,-2,40,0,0,3.8,kalifraymond(det),WR
1,2,38,0,0,0,3.8,alecpierce(ind),WR
2,3,36,0,0,0,3.6,kendrickbourne(ne),WR
1,1,35,0,0,0,3.5,samoritoure(gb),WR
1,5,15,0,0,0,3.5,michaelpittmanjr.(ind),WR
2,3,34,0,0,0,3.4,joshdowns(ind),WR
3,7,33,0,0,0,3.3,rashidshaheed(no),WR
2,4,33,0,0,0,3.3,jakobimeyers(lv),WR
2,4,33,0,0,0,3.3,devanteparker(fa),WR
3,5,32,0,0,0,3.2,rasheerice(kc),WR
2,3,29,0,0,0,2.9,vanjefferson(pit),WR
3,5,24,5,0,0,2.9,calvinaustiniii(pit),WR
1,3,16,13,0,0,2.9,tankdell(hou),WR
2,3,28,0,0,0,2.8,djcharkjr.(lac),WR
4,4,27,0,0,0,2.7,brandincooks(dal),WR
3,6,26,0,0,0,2.6,robertwoods(hou),WR
4,7,26,0,0,0,2.6,tylerboyd(ten),WR
3,7,25,0,0,0,2.5,georgepickens(pit),WR
3,3,24,0,0,0,2.4,isaiahhodgins(nyg),WR
5,9,24,0,0,0,2.4,tutuatwell(lar),WR
2,3,23,0,0,0,2.3,dariusslayton(nyg),WR
2,2,22,0,0,0,2.2,kadariustoney(kc),WR
2,2,22,0,0,0,2.2,ray-raymccloudiii(atl),WR
1,2,22,0,0,0,2.2,johnmetchieiii(hou),WR
1,1,21,0,0,0,2.1,equanimeousst.brown(no),WR
0,2,0,19,0,0,1.9,skyymoore(kc),WR
2,2,19,0,0,0,1.9,khadarelhodge(atl),WR
0,0,0,19,0,0,1.9,tylerscott(chi),WR
2,4,19,0,0,0,1.9,teehiggins(cin),WR
1,1,12,7,0,0,1.9,laviskashenaultjr.(sea),WR
2,3,18,0,0,0,1.8,trentsherfieldsr.(min),WR
1,3,18,0,0,0,1.8,quentinjohnston(lac),WR
1,1,17,0,0,0,1.7,trentonirwin(cin),WR
1,1,4,13,0,0,1.7,xaviergipson(nyj),WR
1,6,16,0,0,0,1.6,amaricooper(cle),WR
1,2,16,0,0,0,1.6,cedrickwilsonjr.(no),WR
1,2,16,0,0,0,1.6,k.j.osborn(ne),WR
3,5,15,0,0,0,1.5,parriscampbell(phi),WR
1,2,15,0,0,0,1.5,byronpringle(was),WR
1,5,14,0,0,0,1.4,jujusmith-schuster(fa),WR
2,4,12,0,0,0,1.2,hunterrenfrow(fa),WR
1,2,11,0,0,0,1.1,olamidezaccheaus(was),WR
1,1,11,0,0,0,1.1,lil'jordanhumphrey(den),WR
2,2,10,0,0,0,1.0,jalinhyatt(nyg),WR
2,2,10,0,0,0,1.0,deonteharty(bal),WR
3,4,10,0,0,0,1.0,zachpascal(ari),WR
0,0,0,10,0,0,1.0,velusjonesjr.(chi),WR
1,1,10,0,0,0,1.0,codythompson(tb),WR
1,1,9,0,0,0,0.9,williesneadiv(mia),WR
1,2,8,0,0,0,0.8,allenrobinsonii(nyg),WR
2,2,8,0,0,0,0.8,devinduvernay(jac),WR
2,4,8,0,0,0,0.8,randallcobb(fa),WR
1,1,7,0,0,0,0.7,ronniebell(sf),WR
1,4,7,0,0,0,0.7,donovanpeoples-jones(det),WR
1,3,6,0,0,0,0.6,isaiahmckenzie(nyg),WR
1,1,6,0,0,0,0.6,sterlingshepard(tb),WR
0,0,0,6,0,0,0.6,deebosamuelsr.(sf),WR
1,2,6,0,0,0,0.6,marquezvaldes-scantling(buf),WR
3,6,5,0,0,0,0.5,jaxonsmith-njigba(sea),WR
1,3,5,0,0,0,0.5,cedrictillman(cle),WR
1,1,5,0,0,0,0.5,justinwatson(kc),WR
1,2,4,0,0,0,0.4,nelsonagholor(bal),WR
1,6,4,0,0,0,0.4,chrisolave(no),WR
1,1,3,0,0,0,0.3,rakimjarrett(tb),WR
0,0,0,0,0,0,0.0,jaelondarden(cle),WR
0,0,0,0,0,0,0.0,deeeskridge(sea),WR
0,0,0,0,0,0,0.0,chrisblair(atl),WR
0,0,0,0,0,0,0.0,jalenguyton(lv),WR
0,0,0,0,0,0,0.0,d.j.montgomery(ind),WR
0,0,0,0,0,0,0.0,stevensimsjr.(hou),WR
0,0,0,0,0,0,0.0,maliktaylor(nyj),WR
0,0,0,0,0,0,0.0,alexbachman(lv),WR
0,0,0,0,0,0,0.0,nsimbawebster(chi),WR
0,0,0,0,0,0,0.0,tomkennedy(det),WR
0,0,0,0,0,0,0.0,easopwinstonjr.(sea),WR
0,0,0,0,0,0,0.0,quintezcephus(hou),WR
0,0,0,0,0,0,0.0,jamesprocheii(cle),WR
0,0,0,0,0,0,0.0,denzelmims(jac),WR
0,0,0,0,0,0,0.0,gunnerolszewski(nyg),WR
0,0,0,0,0,0,0.0,marcussimms(sea),WR
0,0,0,0,0,0,0.0,kjhamler(buf),WR
0,0,0,0,0,0,0.0,jalenreagor(ne),WR
0,0,0,0,0,0,0.0,keelandoss(fa),WR
0,0,0,0,0,0,0.0,daviondavis(was),WR
0,0,0,0,0,0,0.0,andyisabella(buf),WR
0,0,0,0,0,0,0.0,collinjohnson(chi),WR
0,0,0,0,0,0,0.0,davidsills(den),WR
0,0,0,0,0,0,0.0,gregdortch(ari),WR
0,0,0,0,0,0,0.0,scottymiller(pit),WR
0,0,0,0,0,0,0.0,quintonbell(mia),WR
0,0,0,0,0,0,0.0,tyronbilly-johnson(dal),WR
0,0,0,0,0,0,0.0,juwannwinfree(ind),WR
0,0,0,0,0,0,0.0,mecolehardmanjr.(kc),WR
0,0,0,0,0,0,0.0,stanleymorganjr.(no),WR
0,0,0,0,0,0,0.0,diontaejohnson(car),WR
0,0,0,0,0,0,0.0,tylerjohnson(lar),WR
0,0,0,0,0,0,0.0,milesboykin(nyg),WR
0,0,0,0,0,0,0.0,ashtondulin(ind),WR
0,0,0,0,0,0,0.0,amarirodgers(fa),WR
0,0,0,0,0,0,0.0,ihmirsmith-marsette(car),WR
0,0,0,0,0,0,0.0,dezfitzpatrick(pit),WR
2,4,20,-20,0,0,0.0,elijahmoore(cle),WR
0,0,0,0,0,0,0.0,sethwilliams(jac),WR
0,0,0,0,0,0,0.0,sagesurratt(ari),WR
0,0,0,0,0,0,0.0,anthonyschwartz(mia),WR
0,0,0,0,0,0,0.0,daxmilne(lv),WR
0,0,0,0,0,0,0.0,danchisena(ari),WR
0,0,0,0,0,0,0.0,andrebaccellia(ari),WR
0,1,0,0,0,0,0.0,lynnbowdenjr.(fa),WR
0,0,0,0,0,0,0.0,tylanwallace(bal),WR
0,0,0,0,0,0,0.0,justynross(kc),WR
0,2,0,0,0,0,0.0,rondalemoore(atl),WR
0,0,0,0,0,0,0.0,rashodbateman(bal),WR
0,0,0,0,0,0,0.0,codywhite(sea),WR
0,0,0,0,0,0,0.0,trishtonjackson(min),WR
0,0,0,0,0,0,0.0,jauanjennings(sf),WR
0,0,0,0,0,0,0.0,tyriecleveland(ind),WR
0,0,0,0,0,0,0.0,quezwatkins(pit),WR
0,0,0,0,0,0,0.0,lawrencecager(nyg),WR
0,0,0,0,0,0,0.0,masonkinsey(ten),WR
0,0,0,0,0,0,0.0,kristianwilkerson(lv),WR
0,0,0,0,0,0,0.0,austinwatkinsjr.(phi),WR
0,0,0,0,0,0,0.0,nikkoremigio(kc),WR
0,0,0,0,0,0,0.0,zavierscott(ind),WR
0,0,0,0,0,0,0.0,jasonbrownlee(nyj),WR
0,0,0,0,0,0,0.0,t.j.luther(pit),WR
0,0,0,0,0,0,0.0,tyscott(sea),WR
0,0,0,0,0,0,0.0,shedrickjackson(cin),WR
0,0,0,0,0,0,0.0,duecewatts(pit),WR
0,0,0,0,0,0,0.0,malikheath(gb),WR
0,0,0,0,0,0,0.0,griffinhebert(phi),WR
0,0,0,0,0,0,0.0,isaiahwinstead(nyj),WR
0,0,0,0,0,0,0.0,tyrellshavers(buf),WR
0,0,0,0,0,0,0.0,seanryan(bal),WR
0,0,0,0,0,0,0.0,xaviersmith(lar),WR
0,0,0,0,0,0,0.0,devontezwalker(bal),WR
0,0,0,0,0,0,0.0,keoncoleman(buf),WR
0,0,0,0,0,0,0.0,ryanmiller(tb),WR
0,0,0,0,0,0,0.0,tre'shaunharrison(ten),WR
0,0,0,0,0,0,0.0,dylandrummond(atl),WR
0,0,0,0,0,0,0.0,daviddurden(dal),WR
0,0,0,0,0,0,0.0,johnstephensjr.(dal),WR
0,0,0,0,0,0,0.0,luckyjackson(min),WR
0,0,0,0,0,0,0.0,brycentremayne(was),WR
0,0,0,0,0,0,0.0,charliejones(cin),WR
0,0,0,0,0,0,0.0,jacobcowing(sf),WR
0,0,0,0,0,0,0.0,johnnywilson(phi),WR
0,0,0,0,0,0,0.0,xavierhutchinson(hou),WR
0,0,0,0,0,0,0.0,andreiiosivas(cin),WR
0,0,0,0,0,0,0.0,tretucker(lv),WR
0,0,0,0,0,0,0.0,daylenbaldwin(ari),WR
0,0,0,0,0,0,0.0,jalenwayne(gb),WR
0,1,0,0,0,0,0.0,jakebobo(sea),WR
0,0,0,0,0,0,0.0,bryceford-wheaton(nyg),WR
0,0,0,0,0,0,0.0,jarayjenkins(pit),WR
0,0,0,0,0,0,0.0,joshali(atl),WR
0,0,0,0,0,0,0.0,mauricealexander(det),WR
0,0,0,0,0,0,0.0,jalencropper(dal),WR
0,0,0,0,0,0,0.0,jessematthews(atl),WR
0,0,0,0,0,0,0.0,shaquandavis(no),WR
0,0,0,0,0,0,0.0,jalenbrooks(dal),WR
0,0,0,0,0,0,0.0,grantdubose(gb),WR
0,0,0,0,0,0,0.0,thayerthomas(min),WR
0,0,0,0,0,0,0.0,malikknowles(min),WR
0,0,0,0,0,0,0.0,cephusjohnsoniii(tb),WR
0,0,0,0,0,0,0.0,antoinegreen(fa),WR
0,0,0,0,0,0,0.0,terrellbynum(lv),WR
0,0,0,0,0,0,0.0,kazmeirallen(was),WR
0,0,0,0,0,0,0.0,elijahcooks(jac),WR
0,1,0,0,0,0,0.0,coltondowell(ten),WR
0,0,0,0,0,0,0.0,mattlanders(ne),WR
0,0,0,0,0,0,0.0,maliknabers(nyg),WR
0,0,0,0,0,0,0.0,romeodunze(chi),WR
0,0,0,0,0,0,0.0,malachicorley(nyj),WR
0,0,0,0,0,0,0.0,kameronjohnson(tb),WR
0,0,0,0,0,0,0.0,jaquaejackson(ne),WR
0,0,0,0,0,0,0.0,samschnee(ten),WR
0,0,0,0,0,0,0.0,bryceoliver(ten),WR
0,0,0,0,0,0,0.0,isaiahwashington(bal),WR
0,0,0,0,0,0,0.0,sampinckney(car),WR
0,0,0,0,0,0,0.0,ojhiliare(atl),WR
0,0,0,0,0,0,0.0,tylerharrell(nyj),WR
0,0,0,0,0,0,0.0,deewilliams(sea),WR
0,0,0,0,0,0,0.0,camjohnson(dal),WR
0,0,0,0,0,0,0.0,ayirasante(nyg),WR
0,0,0,0,0,0,0.0,isaiahwooden(lac),WR
0,0,0,0,0,0,0.0,julianhicks(gb),WR
0,0,0,0,0,0,0.0,jeshaunjones(min),WR
0,0,0,0,0,0,0.0,jaloncalhoun(det),WR
0,0,0,0,0,0,0.0,xavierjohnson(buf),WR
0,0,0,0,0,0,0.0,ahmareanbrown(cle),WR
0,0,0,0,0,0,0.0,masontipton(no),WR
0,0,0,0,0,0,0.0,jeffforeman(lv),WR
0,0,0,0,0,0,0.0,jaelengill(lac),WR
0,0,0,0,0,0,0.0,jaylenjohnson(lac),WR
0,0,0,0,0,0,0.0,kylesheets(kc),WR
0,0,0,0,0,0,0.0,coreycroomsjr.(dal),WR
0,0,0,0,0,0,0.0,samwiglusz(lar),WR
0,0,0,0,0,0,0.0,haydenhatten(sea),WR
0,0,0,0,0,0,0.0,peterleblanc(chi),WR
0,0,0,0,0,0,0.0,latrealjones(tb),WR
0,0,0,0,0,0,0.0,johnjiles(nyg),WR
0,0,0,0,0,0,0.0,tannerknue(tb),WR
0,0,0,0,0,0,0.0,johnjacksoniii(chi),WR
0,0,0,0,0,0,0.0,davidwallis(ne),WR
0,0,0,0,0,0,0.0,derekslywka(ind),WR
0,0,0,0,0,0,0.0,davidwhitejr.(jac),WR
0,0,0,0,0,0,0.0,coleburgess(cin),WR
0,0,0,0,0,0,0.0,josephscates(jac),WR
0,0,0,0,0,0,0.0,jjlaap(lar),WR
0,0,0,0,0,0,0.0,dimitristanley(gb),WR
0,0,0,0,0,0,0.0,marcusriley(nyj),WR
0,0,0,0,0,0,0.0,phillipbrooks(kc),WR
0,0,0,0,0,0,0.0,qadirismail(bal),WR
0,0,0,0,0,0,0.0,drakestoops(lar),WR
0,0,0,0,0,0,0.0,chasecota(nyg),WR
0,0,0,0,0,0,0.0,laddmcconkey(lac),WR
0,0,0,0,0,0,0.0,xavierlegette(car),WR
0,0,0,0,0,0,0.0,romanwilson(pit),WR
0,0,0,0,0,0,0.0,jamarithrash(cle),WR
0,0,0,0,0,0,0.0,caseywashington(atl),WR
0,0,0,0,0,0,0.0,tulugriffin(lv),WR
0,0,0,0,0,0,0.0,jalencoker(car),WR
0,0,0,0,0,0,0.0,anthonygould(ind),WR
0,0,0,0,0,0,0.0,daytonwade(bal),WR
0,0,0,0,0,0,0.0,tahjwashington(mia),WR
0,0,0,0,0,0,0.0,jadonjanke(mia),WR
0,0,0,0,0,0,0.0,devaughnvele(den),WR
0,0,0,0,0,0,0.0,tejhaunpalmer(ari),WR
0,0,0,0,0,0,0.0,ryanflournoy(dal),WR
0,0,0,0,0,0,0.0,ja'lynnpolk(ne),WR
0,0,0,0,0,0,0.0,je'quanburton(mia),WR
0,0,0,0,0,0,0.0,brendenrice(lac),WR
0,0,0,0,0,0,0.0,rickypearsall(sf),WR
0,0,0,0,0,0,0.0,isaiahwilliams(det),WR
0,0,0,0,0,0,0.0,malikwashington(mia),WR
0,0,0,0,0,0,0.0,lukemccaffrey(was),WR
0,0,0,0,0,0,0.0,marcusrosemy-jacksaint(was),WR
0,0,0,0,0,0,0.0,bubmeans(no),WR
0,0,0,0,0,0,0.0,joshuacephus(jac),WR
0,0,0,0,0,0,0.0,jha'quanjackson(ten),WR
0,0,0,0,0,0,0.0,cornellpowell(kc),WR
0,0,0,0,0,0,0.0,austintrammell(jac),WR
0,0,0,0,0,0,0.0,jacobharris(phi),WR
0,0,0,0,0,0,0.0,raceymcmath(dal),WR
0,0,0,0,0,0,0.0,simifehoko(lac),WR
0,0,0,0,0,0,0.0,kawaanbaker(ne),WR
0,0,0,0,0,0,0.0,ramelkeyton(lv),WR
0,0,0,0,0,0,0.0,jordanwhittington(lar),WR
0,0,0,0,0,0,0.0,ainiassmith(phi),WR
0,0,0,0,0,0,0.0,jalenmcmillan(tb),WR
0,0,0,0,0,0,0.0,tayvionrobinson(car),WR
0,0,0,0,0,0,0.0,brandonsmith(nyj),WR
0,1,0,0,0,0,0.0,jordanaddison(min),WR
0,0,0,0,0,0,0.0,michaelbandy(den),WR
0,0,0,0,0,0,0.0,jamesonwilliams(det),WR
0,1,0,0,0,0,0.0,khalilshakir(buf),WR
0,0,0,0,0,0,0.0,erikezukanma(mia),WR
0,0,0,0,0,0,0.0,josephngata(phi),WR
0,0,0,0,0,0,0.0,mikestrachan(car),WR
0,0,0,0,0,0,0.0,djturner(lv),WR
0,0,0,0,0,0,0.0,davidbell(cle),WR
0,0,0,0,0,0,0.0,parkerwashington(jac),WR
0,0,0,0,0,0,0.0,jacobcopeland(pit),WR
0,0,0,0,0,0,0.0,jermaineburton(cin),WR
0,0,0,0,0,0,0.0,kearisjackson(ten),WR
0,0,0,0,0,0,0.0,malikcunningham(bal),WR
0,0,0,0,0,0,0.0,benskowronek(hou),WR
0,0,0,0,0,0,0.0,javonbaker(ne),WR
0,0,0,0,0,0,0.0,treylonburks(ten),WR
0,0,0,0,0,0,0.0,tyquanthornton(ne),WR
0,0,0,0,0,0,0.0,kayshonboutte(ne),WR
0,0,0,0,0,0,0.0,marvinharrisonjr.(ari),WR
0,0,0,0,0,0,0.0,troyfranklin(den),WR
0,0,0,0,0,0,0.0,brianthomasjr.(jac),WR
0,0,0,0,0,0,0.0,corneliusjohnson(lac),WR
0,0,0,0,0,0,0.0,xavierworthy(kc),WR
0,0,0,0,0,0,0.0,jonathanmingo(car),WR
0,0,0,0,0,0,0.0,kevinaustinjr.(no),WR
0,0,0,0,0,0,0.0,kyricmcgowan(mia),WR
0,0,0,0,0,0,0.0,jontrekirklin(sf),WR
0,0,0,0,0,0,0.0,darekeyoung(sea),WR
0,0,0,0,0,0,0.0,montrellwashington(kc),WR
0,0,0,0,0,0,0.0,samsonnacua(no),WR
0,0,0,0,0,0,0.0,justinhall(min),WR
0,0,0,0,0,0,0.0,irvincharles(nyj),WR
0,0,0,0,0,0,0.0,kadendavis(det),WR
0,0,0,0,0,0,0.0,raleighwebb(tb),WR
0,0,0,0,0,0,0.0,lancemccutcheon(nyj),WR
0,0,0,0,0,0,0.0,tyreikmcallister(lv),WR
0,0,0,0,0,0,0.0,dennishouston(nyg),WR
0,0,0,0,0,0,0.0,kendricpryor(cin),WR
0,0,0,0,0,0,0.0,mikeharleyjr.(mia),WR
0,0,0,0,0,0,0.0,jalennailor(min),WR
0,0,0,0,0,0,0.0,dannygray(sf),WR
0,0,0,0,0,0,0.0,jalenvirgil(den),WR
0,0,0,0,0,0,0.0,michaelwoodsii(cle),WR
0,0,0,0,0,0,0.0,kylephilips(ten),WR
0,0,0,0,0,0,0.0,xavierweaver(ari),WR
0,0,0,0,0,0,0.0,taymartin(sf),WR
0,0,0,0,0,0,0.0,bomelton(gb),WR
0,0,0,0,0,0,0.0,justinshorter(buf),WR
0,0,0,0,0,0,0.0,mitchelltinsley(was),WR
0,1,0,0,0,0,0.0,dontayvionwicks(gb),WR
0,0,0,0,0,0,0.0,adonaimitchell(ind),WR
0,0,0,0,0,0,0.0,a.t.perry(no),WR
0,0,0,0,0,0,0.0,braylonsanders(mia),WR
0,0,0,0,0,0,0.0,johnnyjohnsoniii(hou),WR
0,0,0,0,0,0,0.0,britaincovey(phi),WR
1,1,0,0,0,0,0.0,marquisegoodwin(fa),WR
0,0,0,0,0,0,0.0,patrickedwards(det),WR
0,1,0,0,0,0,0.0,marvinjonesjr.(fa),WR
0,0,0,0,0,0,0.0,jordanmatthews(car),WR
0,0,0,0,0,0,0.0,odellbeckhamjr.(mia),WR
0,0,0,0,0,0,0.0,martavisbryant(was),WR
0,0,0,0,0,0,0.0,kennymckinley(den),WR
0,0,0,0,0,0,0.0,mikefurrey(was),WR
0,0,0,0,0,0,0.0,natehughes(jac),WR
0,0,0,0,0,0,0.0,mauricepurify(cin),WR
0,0,0,0,0,0,0.0,matthewslater(fa),WR
0,0,0,0,0,0,0.0,markomitchell(min),WR
0,0,0,0,0,0,0.0,bobbywade(was),WR
0,0,0,0,0,0,0.0,chrishenry(cin),WR
0,0,0,0,0,0,0.0,demarioballard(det),WR
0,0,0,0,0,0,0.0,rodharper(phi),WR
0,0,0,0,0,0,0.0,samgiguere(nyg),WR
0,0,0,0,0,0,0.0,justinhardeesr.(cle),WR
0,0,0,0,0,0,0.0,davidmoore(car),WR
0,0,0,0,0,0,0.0,gregward(ind),WR
0,0,0,0,0,0,0.0,mikewilliams(nyj),WR
0,0,0,0,0,0,0.0,johnross(phi),WR
0,0,0,0,0,0,0.0,trenttaylor(sf),WR
0,0,0,0,0,0,0.0,timpatrick(den),WR
0,0,0,0,0,0,0.0,zayjones(ari),WR
0,0,0,0,0,0,0.0,cooperkupp(lar),WR
0,0,0,0,0,0,0.0,noahbrown(hou),WR
0,3,0,0,0,0,0.0,mackhollins(buf),WR
0,0,0,0,0,0,0.0,brandonpowell(min),WR
0,0,0,0,0,0,0.0,keithkirkwood(bal),WR
0,0,0,0,0,0,0.0,malikturner(sf),WR
0,0,0,0,0,0,0.0,n'kealharry(min),WR
0,0,0,0,0,0,0.0,kelvinharmon(dal),WR
0,0,0,0,0,0,0.0,deoncain(buf),WR
0,0,0,0,0,0,0.0,anthonymiller(bal),WR
0,0,0,0,0,0,0.0,deontayburnett(dal),WR
0,0,0,0,0,0,0.0,tre'quansmith(det),WR
0,0,0,0,0,0,0.0,dantepettis(chi),WR
0,0,0,0,0,0,0.0,rivercracraft(mia),WR
0,0,0,0,0,0,0.0,russellgage(bal),WR
0,0,0,0,0,0,0.0,dauricefountain(det),WR
0,0,0,0,0,0,0.0,deandrecarter(chi),WR
0,0,0,0,0,0,0.0,chrisconley(sf),WR
0,0,0,0,0,0,0.0,jamisoncrowder(was),WR
0,0,0,0,0,0,0.0,tymontgomeryii(fa),WR
0,0,0,0,0,0,0.0,phillipdorsettii(den),WR
0,0,0,0,0,0,0.0,damierebyrd(buf),WR
0,0,0,0,0,0,0.0,demarcusrobinson(lar),WR
0,1,0,0,0,0,0.0,robbiechosen(sf),WR
0,0,0,0,0,0,0.0,laquontreadwell(ind),WR
1,1,-1,0,0,0,-0.1,timjones(jac),WR
